MFCode,indexcode,indexname,weightage
33369,154,NIFTY 50 - TRI,
21520,312,NIFTY 500 - TRI,
20447,174,BSE SENSEX - TRI,
1131,312,NIFTY 500 - TRI,
1305,349,Nifty Midcap 150 - TRI,
1273,450,NIFTY 50 Hybrid Composite Debt 50:50 Index,
2828,446,Nifty Liquid Fund Index,
2747,301,CRISIL Hybrid 35+65 - Aggressive Index,
1495,326,NIFTY 200 - TRI,65.0
1495,433,NIFTY Composite Debt Index,25.0
1495,65,Gold-India,6.0
1495,519,MCX iCOMDEX Composite Index,3.0
1495,199,Silver,1.0
12758,350,Nifty Smallcap 250 - TRI,
4980,314,NIFTY 100 - TRI,
1979,277,Nifty 50 Arbitrage,
1470,415,CRISIL Hybrid 50+50 - Moderate Index,
33150,154,NIFTY 50 - TRI,
1286,42,CRISIL Liquid Debt Index,
1977,349,Nifty Midcap 150 - TRI,
293,446,Nifty Liquid Fund Index,
2272,154,NIFTY 50 - TRI,
8029,446,Nifty Liquid Fund Index,
1659,42,CRISIL Liquid Debt Index,
1492,312,NIFTY 500 - TRI,
1024,65,Gold-India,
33151,174,BSE SENSEX - TRI,
7874,312,NIFTY 500 - TRI,
2466,534,Nifty500 Multicap 50:25:25 - TRI,
2711,300,BSE 100 - TRI,
2455,300,BSE 100 - TRI,
1482,301,CRISIL Hybrid 35+65 - Aggressive Index,
2573,349,Nifty Midcap 150 - TRI,
2817,379,BSE 500 - TRI,
2060,446,Nifty Liquid Fund Index,
2809,379,BSE 500 - TRI,
2709,277,Nifty 50 Arbitrage,
9767,366,NIFTY LargeMidcap 250 - TRI,
20803,154,NIFTY 50 - TRI,
2637,446,Nifty Liquid Fund Index,
22533,349,Nifty Midcap 150 - TRI,
7885,377,BSE 250 Small Cap - TRI,
2801,366,NIFTY LargeMidcap 250 - TRI,
4455,377,BSE 250 Small Cap - TRI,
32097,450,NIFTY 50 Hybrid Composite Debt 50:50 Index,
1331,314,NIFTY 100 - TRI,
42140,312,NIFTY 500 - TRI,
4457,314,NIFTY 100 - TRI,
1690,445,Nifty Money Market Index,
876,350,Nifty Smallcap 250 - TRI,
13049,374,BSE 150 MidCap - TRI,
1467,277,Nifty 50 Arbitrage,
3267,420,CRISIL Money Market Index,
42342,377,BSE 250 Small Cap - TRI,
1608,366,NIFTY LargeMidcap 250 - TRI,
1119,420,CRISIL Money Market Index,
2848,174,BSE SENSEX - TRI,
8408,312,NIFTY 500 - TRI,
3212,42,CRISIL Liquid Debt Index,
2069,366,NIFTY LargeMidcap 250 - TRI,
46199,199,Silver,
2774,420,CRISIL Money Market Index,
2815,379,BSE 500 - TRI,
21651,350,Nifty Smallcap 250 - TRI,
8250,300,BSE 100 - TRI,
2167,277,Nifty 50 Arbitrage,
45336,534,Nifty500 Multicap 50:25:25 - TRI,
2271,366,NIFTY LargeMidcap 250 - TRI,
8241,278,NIFTY Corporate Bond Index,
394,420,CRISIL Money Market Index,
1999,420,CRISIL Money Market Index,
447,314,NIFTY 100 - TRI,
7925,278,NIFTY Corporate Bond Index,
3641,154,NIFTY 50 - TRI,
3590,446,Nifty Liquid Fund Index,
445,312,NIFTY 500 - TRI,
30127,174,BSE SENSEX - TRI,
1704,415,CRISIL Hybrid 50+50 - Moderate Index,
12328,65,Gold-India,
1129,312,NIFTY 500 - TRI,
708,42,CRISIL Liquid Debt Index,
7889,717,Nifty 50 Arbitrage - TRI,
7741,65,Gold-India,
33536,312,NIFTY 500 - TRI,
523,366,NIFTY LargeMidcap 250 - TRI,
45492,379,BSE 500 - TRI,
1103,277,Nifty 50 Arbitrage,
38865,277,Nifty 50 Arbitrage,
44421,518,NIFTY BHARAT Bond Index - April 2030,
46405,534,Nifty500 Multicap 50:25:25 - TRI,
2789,349,Nifty Midcap 150 - TRI,
12319,65,Gold-India,
3461,312,NIFTY 500 - TRI,
12633,154,NIFTY 50 - TRI,
2628,445,Nifty Money Market Index,
2787,500,CRISIL Liquid Overnight Index,
2799,379,BSE 500 - TRI,
453,278,NIFTY Corporate Bond Index,
1311,370,NIFTY 50 Hybrid Composite Debt 65:35 Index,
40450,278,NIFTY Corporate Bond Index,
714,377,BSE 250 Small Cap - TRI,
21218,445,Nifty Money Market Index,
1500,435,NIFTY Low Duration Debt Index,
2858,366,NIFTY LargeMidcap 250 - TRI,
735,349,Nifty Midcap 150 - TRI,
1340,446,Nifty Liquid Fund Index,
2796,379,BSE 500 - TRI,45.0
2796,40,CRISIL Composite Bond Index,40.0
2796,65,Gold-India,10.0
2796,199,Silver,5.0
43349,349,Nifty Midcap 150 - TRI,
2240,446,Nifty Liquid Fund Index,
46093,534,Nifty500 Multicap 50:25:25 - TRI,
2169,379,BSE 500 - TRI,
1032,446,Nifty Liquid Fund Index,
42803,366,NIFTY LargeMidcap 250 - TRI,
3790,349,Nifty Midcap 150 - TRI,
2066,350,Nifty Smallcap 250 - TRI,
1677,534,Nifty500 Multicap 50:25:25 - TRI,
7914,420,CRISIL Money Market Index,
1682,443,Nifty Short Duration Debt Index,
950,312,NIFTY 500 - TRI,100.0
950,60,NIFTY 500,0.0
22139,350,Nifty Smallcap 250 - TRI,
27621,337,Nifty CPSE - TRI,
468,434,NIFTY Ultra Short Duration Debt Index,
716,366,NIFTY LargeMidcap 250 - TRI,
26169,379,BSE 500 - TRI,50.0
26169,57,MSCI World,20.0
26169,44,CRISIL Short Term Bond Index,15.0
26169,65,Gold-India,10.0
26169,199,Silver,5.0
7747,379,BSE 500 - TRI,
1114,435,NIFTY Low Duration Debt Index,
14666,202,Gold-London Bullion Market association (LBMA),
12938,277,Nifty 50 Arbitrage,
2137,42,CRISIL Liquid Debt Index,
39949,367,CRISIL Ultra Short Term Debt Index,
40623,450,NIFTY 50 Hybrid Composite Debt 50:50 Index,
7554,446,Nifty Liquid Fund Index,
38080,366,NIFTY LargeMidcap 250 - TRI,
1623,154,NIFTY 50 - TRI,
611,349,Nifty Midcap 150 - TRI,
8217,300,BSE 100 - TRI,
745,312,NIFTY 500 - TRI,
3728,728,CRISIL Short Duration Debt Index,
1329,312,NIFTY 500 - TRI,
12454,434,NIFTY Ultra Short Duration Debt Index,
1995,434,NIFTY Ultra Short Duration Debt Index,
2259,374,BSE 150 MidCap - TRI,
44146,312,NIFTY 500 - TRI,
31230,436,NIFTY 50 Equity Savings Index,
40339,377,BSE 250 Small Cap - TRI,
8262,312,NIFTY 500 - TRI,
1052,445,Nifty Money Market Index,
48028,312,NIFTY 500 - TRI,65.0
48028,443,Nifty Short Duration Debt Index,25.0
48028,65,Gold-India,5.0
48028,199,Silver,5.0
46214,199,Silver,
265,278,NIFTY Corporate Bond Index,
2050,65,Gold-India,
3067,349,Nifty Midcap 150 - TRI,
27622,277,Nifty 50 Arbitrage,
952,283,Nifty Smallcap 250,
952,350,Nifty Smallcap 250 - TRI,
2667,312,NIFTY 500 - TRI,
42350,350,Nifty Smallcap 250 - TRI,
4637,312,NIFTY 500 - TRI,
11925,728,CRISIL Short Duration Debt Index,
1971,443,Nifty Short Duration Debt Index,
41653,500,CRISIL Liquid Overnight Index,
1694,312,NIFTY 500 - TRI,
26481,312,NIFTY 500 - TRI,
38212,312,NIFTY 500 - TRI,
2782,154,NIFTY 50 - TRI,
13397,104,Nasdaq-100,
526,379,BSE 500 - TRI,
1695,408,BSE TECk Index - TRI,
31896,278,NIFTY Corporate Bond Index,
31896,512,NIFTY AAA Short Duration Bond Index,
889,312,NIFTY 500 - TRI,
7912,450,NIFTY 50 Hybrid Composite Debt 50:50 Index,
2843,728,CRISIL Short Duration Debt Index,
45008,523,NIFTY BHARAT Bond Index - April 2031,
6688,42,CRISIL Liquid Debt Index,
7727,435,NIFTY Low Duration Debt Index,
7594,42,CRISIL Liquid Debt Index,
8499,433,NIFTY Composite Debt Index,
35242,350,Nifty Smallcap 250 - TRI,
948,349,Nifty Midcap 150 - TRI,
948,442,Nifty Midcap 150,
3628,349,Nifty Midcap 150 - TRI,
642,312,NIFTY 500 - TRI,
2615,367,CRISIL Ultra Short Term Debt Index,
2235,366,NIFTY LargeMidcap 250 - TRI,
15381,65,Gold-India,
1117,500,CRISIL Liquid Overnight Index,
3626,300,BSE 100 - TRI,
51169,446,Nifty Liquid Fund Index,
4573,435,NIFTY Low Duration Debt Index,
20747,449,NIFTY Banking and PSU Debt Index,
16903,449,NIFTY Banking and PSU Debt Index,
45362,534,Nifty500 Multicap 50:25:25 - TRI,
2785,367,CRISIL Ultra Short Term Debt Index,
635,301,CRISIL Hybrid 35+65 - Aggressive Index,
2832,368,CRISIL Low Duration Debt Index,
938,312,NIFTY 500 - TRI,100.0
938,60,NIFTY 500,0.0
46585,634,Nifty India Defence - TRI,
15557,312,NIFTY 500 - TRI,
513,301,CRISIL Hybrid 35+65 - Aggressive Index,
5736,330,Nifty Financial Services - TRI,
42062,293,Nifty 1D Rate Index,
24741,349,Nifty Midcap 150 - TRI,
3660,277,Nifty 50 Arbitrage,
2155,293,Nifty 1D Rate Index,
695,420,CRISIL Money Market Index,
48206,312,NIFTY 500 - TRI,40.0
48206,57,MSCI World,20.0
48206,433,NIFTY Composite Debt Index,20.0
48206,65,Gold-India,15.0
48206,519,MCX iCOMDEX Composite Index,5.0
1962,314,NIFTY 100 - TRI,
30125,330,Nifty Financial Services - TRI,
48655,584,Nifty India Manufacturing - TRI,
30690,560,NIFTY 50 Equity Savings Index - TRI,
1126,370,NIFTY 50 Hybrid Composite Debt 65:35 Index,
30097,277,Nifty 50 Arbitrage,
46127,577,NIFTY BHARAT Bond Index - April 2032,
41518,500,CRISIL Liquid Overnight Index,
33727,310,NIFTY IT - TRI,
2797,371,NIFTY 50 Hybrid Composite Debt 15:85 Index,
48471,293,Nifty 1D Rate Index,
1713,415,CRISIL Hybrid 50+50 - Moderate Index,
11889,165,NIFTY NEXT 50 - TRI,
4270,379,BSE 500 - TRI,
38252,566,BSE Bharat 22 Index - TRI,
2654,415,CRISIL Hybrid 50+50 - Moderate Index,
45335,312,NIFTY 500 - TRI,
1625,350,Nifty Smallcap 250 - TRI,
440,435,NIFTY Low Duration Debt Index,
946,60,NIFTY 500,
946,312,NIFTY 500 - TRI,
33228,301,CRISIL Hybrid 35+65 - Aggressive Index,
46367,379,BSE 500 - TRI,
3644,312,NIFTY 500 - TRI,
2659,391,BSE Health Care - TRI,
1706,301,CRISIL Hybrid 35+65 - Aggressive Index,
31224,370,NIFTY 50 Hybrid Composite Debt 65:35 Index,
2321,301,CRISIL Hybrid 35+65 - Aggressive Index,
75009,450,NIFTY 50 Hybrid Composite Debt 50:50 Index,
1512,443,Nifty Short Duration Debt Index,
2323,446,Nifty Liquid Fund Index,
2646,278,NIFTY Corporate Bond Index,
2662,312,NIFTY 500 - TRI,
2273,165,NIFTY NEXT 50 - TRI,
44426,518,NIFTY BHARAT Bond Index - April 2030,
47946,44,CRISIL Short Term Bond Index,50.0
47946,379,BSE 500 - TRI,30.0
47946,65,Gold-India,16.0
47946,519,MCX iCOMDEX Composite Index,3.0
47946,199,Silver,1.0
48299,312,NIFTY 500 - TRI,
1097,443,Nifty Short Duration Debt Index,
7600,379,BSE 500 - TRI,
5183,449,NIFTY Banking and PSU Debt Index,
8080,449,NIFTY Banking and PSU Debt Index,
3098,312,NIFTY 500 - TRI,
48061,379,BSE 500 - TRI,
2641,379,BSE 500 - TRI,
41944,293,Nifty 1D Rate Index,
48041,446,Nifty Liquid Fund Index,
1629,166,BSE India Infrastructure Index - TRI,
47653,312,NIFTY 500 - TRI,
41900,500,CRISIL Liquid Overnight Index,
39531,415,CRISIL Hybrid 50+50 - Moderate Index,
45342,554,Nifty200 Momentum 30 - TRI,
12635,174,BSE SENSEX - TRI,
1499,349,Nifty Midcap 150 - TRI,
267,311,NIFTY BANK - TRI,
41322,104,Nasdaq-100,
48474,317,NIFTY ENERGY - TRI,
46223,199,Silver,
48896,317,NIFTY ENERGY - TRI,
1112,312,NIFTY 500 - TRI,
2754,447,Nifty All Duration G-Sec Index,
48388,350,Nifty Smallcap 250 - TRI,
2452,319,Nifty Infrastructure - TRI,
887,349,Nifty Midcap 150 - TRI,
47918,312,NIFTY 500 - TRI,
489,312,NIFTY 500 - TRI,
45898,565,Nifty PSU Bond Plus SDL Sep 2027 40:60 Index,
1606,447,Nifty All Duration G-Sec Index,
2621,368,CRISIL Low Duration Debt Index,
2445,330,Nifty Financial Services - TRI,
47093,433,NIFTY Composite Debt Index,
47093,717,Nifty 50 Arbitrage - TRI,
2669,366,NIFTY LargeMidcap 250 - TRI,
2854,277,Nifty 50 Arbitrage,
36744,278,NIFTY Corporate Bond Index,
34199,301,CRISIL Hybrid 35+65 - Aggressive Index,
871,312,NIFTY 500 - TRI,
871,534,Nifty500 Multicap 50:25:25 - TRI,
3096,366,NIFTY LargeMidcap 250 - TRI,
21538,451,NIFTY Credit Risk Bond Index,
36401,534,Nifty500 Multicap 50:25:25 - TRI,
47416,21,BSE 200,65.0
47416,44,CRISIL Short Term Bond Index,25.0
47416,65,Gold-India,5.0
47416,199,Silver,5.0
14108,65,Gold-India,
14561,42,CRISIL Liquid Debt Index,
38439,165,NIFTY NEXT 50 - TRI,
2947,366,NIFTY LargeMidcap 250 - TRI,
45476,534,Nifty500 Multicap 50:25:25 - TRI,
2906,379,BSE 500 - TRI,
2566,443,Nifty Short Duration Debt Index,
8488,443,Nifty Short Duration Debt Index,
931,24,NIFTY 100,
931,314,NIFTY 100 - TRI,
46769,374,BSE 150 MidCap - TRI,
50546,379,BSE 500 - TRI,
6305,312,NIFTY 500 - TRI,
40559,350,Nifty Smallcap 250 - TRI,
430,301,CRISIL Hybrid 35+65 - Aggressive Index,
14148,65,Gold-India,
32077,584,Nifty India Manufacturing - TRI,
14885,65,Gold-India,
748,314,NIFTY 100 - TRI,
45947,583,Nifty CPSE Bond Plus SDL Sep 2026 50:50 Index,
7143,298,BSE 200 - TRI,65.0
7143,40,CRISIL Composite Bond Index,25.0
7143,65,Gold-India,7.0
7143,519,MCX iCOMDEX Composite Index,2.0
7143,199,Silver,1.0
24803,312,NIFTY 500 - TRI,
36398,391,BSE Health Care - TRI,
621,445,Nifty Money Market Index,
417,349,Nifty Midcap 150 - TRI,
7433,379,BSE 500 - TRI,
4453,312,NIFTY 500 - TRI,
45732,564,Nifty SDL Plus PSU Bond Sep 2026 60:40 Index,
30046,379,BSE 500 - TRI,
5926,42,CRISIL Liquid Debt Index,
42898,312,NIFTY 500 - TRI,
3437,301,CRISIL Hybrid 35+65 - Aggressive Index,
38735,42,CRISIL Liquid Debt Index,
2766,316,NIFTY MNC - TRI,
17588,312,NIFTY 500 - TRI,
9252,402,BSE PSU - TRI,
30760,277,Nifty 50 Arbitrage,
7934,445,Nifty Money Market Index,
2664,728,CRISIL Short Duration Debt Index,
869,312,NIFTY 500 - TRI,65.0
869,519,MCX iCOMDEX Composite Index,20.0
869,44,CRISIL Short Term Bond Index,15.0
16672,366,NIFTY LargeMidcap 250 - TRI,
46215,199,Silver,
47272,534,Nifty500 Multicap 50:25:25 - TRI,
41798,367,CRISIL Ultra Short Term Debt Index,
2778,430,NIFTY Medium Duration Debt Index,
698,166,BSE India Infrastructure Index - TRI,
45058,379,BSE 500 - TRI,
2902,435,NIFTY Low Duration Debt Index,
2075,312,NIFTY 500 - TRI,
46381,588,Nifty SDL Apr 2027 Top 12 Equal Weight Index,
48475,324,NIFTY AUTO - TRI,
12456,727,CRISIL Credit Risk Debt Index,
3237,349,Nifty Midcap 150 - TRI,
477,377,BSE 250 Small Cap - TRI,
957,312,NIFTY 500 - TRI,100.0
957,60,NIFTY 500,0.0
45488,154,NIFTY 50 - TRI,50.0
45488,433,NIFTY Composite Debt Index,40.0
45488,65,Gold-India,10.0
48967,199,Silver,
47283,670,NIFTY BHARAT Bond Index - April 2033,
48435,65,Gold-India,
35207,697,CRISIL Long Duration Debt Index,
409,323,Nifty India Consumption - TRI,
3406,446,Nifty Liquid Fund Index,
29356,434,NIFTY Ultra Short Duration Debt Index,
43788,402,BSE PSU - TRI,
631,278,NIFTY Corporate Bond Index,
1307,154,NIFTY 50 - TRI,65.0
1307,433,NIFTY Composite Debt Index,22.5
1307,65,Gold-India,10.0
1307,199,Silver,2.5
1441,312,NIFTY 500 - TRI,
277,366,NIFTY LargeMidcap 250 - TRI,
31642,312,NIFTY 500 - TRI,
16071,213,Russell 3000 Growth Index,
46370,534,Nifty500 Multicap 50:25:25 - TRI,
42701,366,NIFTY LargeMidcap 250 - TRI,
13017,370,NIFTY 50 Hybrid Composite Debt 65:35 Index,
12461,65,Gold-India,
2813,391,BSE Health Care - TRI,
48253,584,Nifty India Manufacturing - TRI,
287,443,Nifty Short Duration Debt Index,
1309,560,NIFTY 50 Equity Savings Index - TRI,
49453,350,Nifty Smallcap 250 - TRI,
45945,379,BSE 500 - TRI,
3574,500,CRISIL Liquid Overnight Index,
48089,534,Nifty500 Multicap 50:25:25 - TRI,
42577,312,NIFTY 500 - TRI,
45197,312,NIFTY 500 - TRI,
48892,634,Nifty India Defence - TRI,
41174,154,NIFTY 50 - TRI,
1973,312,NIFTY 500 - TRI,
48899,312,NIFTY 500 - TRI,
32901,436,NIFTY 50 Equity Savings Index,
37922,377,BSE 250 Small Cap - TRI,
44511,350,Nifty Smallcap 250 - TRI,
48436,199,Silver,
33325,154,NIFTY 50 - TRI,
1667,430,NIFTY Medium Duration Debt Index,
38444,349,Nifty Midcap 150 - TRI,
2752,427,NIFTY100 ESG - TRI,
38263,21,BSE 200,50.0
38263,44,CRISIL Short Term Bond Index,50.0
38263,450,NIFTY 50 Hybrid Composite Debt 50:50 Index,
48065,445,Nifty Money Market Index,
6075,379,BSE 500 - TRI,
48901,534,Nifty500 Multicap 50:25:25 - TRI,
37849,329,Nifty Services Sector - TRI,
45412,692,CRISIL IBX Gilt Index - June 2027,
44648,21,BSE 200,65.0
44648,519,MCX iCOMDEX Composite Index,20.0
44648,44,CRISIL Short Term Bond Index,15.0
46001,374,BSE 150 MidCap - TRI,
23913,449,NIFTY Banking and PSU Debt Index,
13656,416,CRISIL Banking and PSU Debt Index,
31189,312,NIFTY 500 - TRI,
3662,450,NIFTY 50 Hybrid Composite Debt 50:50 Index,
1956,366,NIFTY LargeMidcap 250 - TRI,
2044,416,CRISIL Banking and PSU Debt Index,
2743,319,Nifty Infrastructure - TRI,
17625,435,NIFTY Low Duration Debt Index,
31025,312,NIFTY 500 - TRI,
14314,323,Nifty India Consumption - TRI,
39515,278,NIFTY Corporate Bond Index,
3650,304,CRISIL Short Term Debt Hybrid 60+40 Index,
46465,199,Silver,
37759,330,Nifty Financial Services - TRI,
48489,534,Nifty500 Multicap 50:25:25 - TRI,
702,367,CRISIL Ultra Short Term Debt Index,
44958,521,S&P 500 - TRI,
45013,523,NIFTY BHARAT Bond Index - April 2031,
42706,500,CRISIL Liquid Overnight Index,
46198,199,Silver,
8032,435,NIFTY Low Duration Debt Index,
43968,312,NIFTY 500 - TRI,
45260,535,Nasdaq-100 - TRI,
42784,293,Nifty 1D Rate Index,
4256,534,Nifty500 Multicap 50:25:25 - TRI,
3564,65,Gold-India,
47596,312,NIFTY 500 - TRI,
19247,408,BSE TECk Index - TRI,
30020,311,NIFTY BANK - TRI,
3449,304,CRISIL Short Term Debt Hybrid 60+40 Index,
48199,534,Nifty500 Multicap 50:25:25 - TRI,
48527,379,BSE 500 - TRI,
44630,520,Russell 1000 Equal Weighted Technology Index,
3435,632,Nifty Transportation & Logistics - TRI,
45379,542,NYSE FANG+ TRI,
42119,348,Nifty Private Bank - TRI,
43927,312,NIFTY 500 - TRI,85.0
43927,509,MSCI ACWI Information Technology Index - TRI,15.0
41999,328,NIFTY COMMODITIES - TRI,
927,312,NIFTY 500 - TRI,
46587,445,Nifty Money Market Index,
46128,577,NIFTY BHARAT Bond Index - April 2032,
40482,434,NIFTY Ultra Short Duration Debt Index,
3052,350,Nifty Smallcap 250 - TRI,
43810,349,Nifty Midcap 150 - TRI,
45614,154,NIFTY 50 - TRI,
46979,632,Nifty Transportation & Logistics - TRI,
482,408,BSE TECk Index - TRI,
2158,278,NIFTY Corporate Bond Index,
2660,301,CRISIL Hybrid 35+65 - Aggressive Index,
15655,107,S&P 500 ,
3082,301,CRISIL Hybrid 35+65 - Aggressive Index,
40028,349,Nifty Midcap 150 - TRI,
44318,146,MSCI Golden Dragon Index (Total Return Net),
3722,321,NIFTY PSU BANK - TRI,
75013,450,NIFTY 50 Hybrid Composite Debt 50:50 Index,
7922,301,CRISIL Hybrid 35+65 - Aggressive Index,
46627,199,Silver,
3361,445,Nifty Money Market Index,
48895,199,Silver,
12860,154,NIFTY 50 - TRI,
2656,433,NIFTY Composite Debt Index,
15772,443,Nifty Short Duration Debt Index,
8004,449,NIFTY Banking and PSU Debt Index,
3283,336,Nifty500 Shariah - TRI,
44983,277,Nifty 50 Arbitrage,
37918,450,NIFTY 50 Hybrid Composite Debt 50:50 Index,
36002,391,BSE Health Care - TRI,
25872,415,CRISIL Hybrid 50+50 - Moderate Index,
44506,310,NIFTY IT - TRI,
916,449,NIFTY Banking and PSU Debt Index,
3454,312,NIFTY 500 - TRI,
30043,311,NIFTY BANK - TRI,
48252,312,NIFTY 500 - TRI,65.0
48252,443,Nifty Short Duration Debt Index,25.0
48252,65,Gold-India,5.0
48252,199,Silver,5.0
31778,312,NIFTY 500 - TRI,
48465,312,NIFTY 500 - TRI,65.0
48465,443,Nifty Short Duration Debt Index,25.0
48465,65,Gold-India,7.5
48465,199,Silver,2.5
24150,330,Nifty Financial Services - TRI,
39283,312,NIFTY 500 - TRI,
46678,314,NIFTY 100 - TRI,
44328,434,NIFTY Ultra Short Duration Debt Index,
25167,420,CRISIL Money Market Index,
933,297,NIFTY LargeMidcap 250,
933,366,NIFTY LargeMidcap 250 - TRI,
44399,350,Nifty Smallcap 250 - TRI,
1278,430,NIFTY Medium Duration Debt Index,
45753,445,Nifty Money Market Index,
45683,104,Nasdaq-100,
47480,534,Nifty500 Multicap 50:25:25 - TRI,
39122,391,BSE Health Care - TRI,
2805,419,CRISIL Dynamic Bond Index,
48147,534,Nifty500 Multicap 50:25:25 - TRI,
47117,65,Gold-India,
8469,154,NIFTY 50 - TRI,
44504,350,Nifty Smallcap 250 - TRI,
46472,312,NIFTY 500 - TRI,
500,534,Nifty500 Multicap 50:25:25 - TRI,
874,366,NIFTY LargeMidcap 250 - TRI,
49485,717,Nifty 50 Arbitrage - TRI,
3462,312,NIFTY 500 - TRI,
45338,302,CRISIL Hybrid 85+15 - Conservative Index,
51171,445,Nifty Money Market Index,
48991,350,Nifty Smallcap 250 - TRI,
42597,434,NIFTY Ultra Short Duration Debt Index,
42597,443,Nifty Short Duration Debt Index,
36395,360,Nifty100 Low Volatility 30 - TRI,
48460,312,NIFTY 500 - TRI,65.0
48460,65,Gold-India,25.0
48460,443,Nifty Short Duration Debt Index,10.0
45422,688,CRISIL IBX Gilt Index - April 2028,
45927,450,NIFTY 50 Hybrid Composite Debt 50:50 Index,
3533,434,NIFTY Ultra Short Duration Debt Index,
1615,371,NIFTY 50 Hybrid Composite Debt 15:85 Index,
12811,154,NIFTY 50 - TRI,
7683,417,CRISIL Medium Duration Debt Index,
48220,391,BSE Health Care - TRI,
41323,350,Nifty Smallcap 250 - TRI,
34871,560,NIFTY 50 Equity Savings Index - TRI,
33726,330,Nifty Financial Services - TRI,
425,316,NIFTY MNC - TRI,
29550,277,Nifty 50 Arbitrage,
32455,275,Nifty 10 yr Benchmark G-Sec,
46112,586,Nifty SDL Apr 2027 Index,
1701,433,NIFTY Composite Debt Index,60.0
1701,717,Nifty 50 Arbitrage - TRI,40.0
46800,65,Gold-India,
46800,199,Silver,
51167,312,NIFTY 500 - TRI,
22142,449,NIFTY Banking and PSU Debt Index,
48468,298,BSE 200 - TRI,65.0
48468,443,Nifty Short Duration Debt Index,20.0
48468,65,Gold-India,10.0
48468,199,Silver,5.0
30398,379,BSE 500 - TRI,
41946,323,Nifty India Consumption - TRI,
729,728,CRISIL Short Duration Debt Index,
1298,371,NIFTY 50 Hybrid Composite Debt 15:85 Index,
31950,366,NIFTY LargeMidcap 250 - TRI,
43809,312,NIFTY 500 - TRI,
15330,65,Gold-India,
49691,312,NIFTY 500 - TRI,
881,319,Nifty Infrastructure - TRI,
7864,166,BSE India Infrastructure Index - TRI,
7864,272,BSE India Infrastructure Index,
48488,314,NIFTY 100 - TRI,
23296,416,CRISIL Banking and PSU Debt Index,
17164,379,BSE 500 - TRI,
46107,584,Nifty India Manufacturing - TRI,
48169,312,NIFTY 500 - TRI,
13056,65,Gold-India,
44435,311,NIFTY BANK - TRI,
7869,146,MSCI Golden Dragon Index (Total Return Net),
45867,534,Nifty500 Multicap 50:25:25 - TRI,
2370,534,Nifty500 Multicap 50:25:25 - TRI,
30248,165,NIFTY NEXT 50 - TRI,
32451,311,NIFTY BANK - TRI,
44397,314,NIFTY 100 - TRI,
44074,44,CRISIL Short Term Bond Index,45.0
44074,60,NIFTY 500,45.0
44074,65,Gold-India,7.0
44074,199,Silver,3.0
48040,534,Nifty500 Multicap 50:25:25 - TRI,
48102,450,NIFTY 50 Hybrid Composite Debt 50:50 Index,
46194,199,Silver,
48656,312,NIFTY 500 - TRI,
47994,44,CRISIL Short Term Bond Index,50.0
47994,312,NIFTY 500 - TRI,40.0
47994,65,Gold-India,5.0
47994,199,Silver,5.0
44987,379,BSE 500 - TRI,
46390,590,Nifty SDL Apr 2032 Top 12 Equal Weight Index,
43915,366,NIFTY LargeMidcap 250 - TRI,
3286,728,CRISIL Short Duration Debt Index,
48902,326,NIFTY 200 - TRI,
45510,379,BSE 500 - TRI,
17788,65,Gold-India,
17788,199,Silver,
50069,312,NIFTY 500 - TRI,65.0
50069,443,Nifty Short Duration Debt Index,20.0
50069,65,Gold-India,5.0
50069,199,Silver,5.0
50069,519,MCX iCOMDEX Composite Index,5.0
33728,323,Nifty India Consumption - TRI,
46532,598,Nifty AAA CPSE Bond Plus SDL Apr 2027 60:40 Index,
3205,368,CRISIL Low Duration Debt Index,
47938,65,Gold-India,
41945,500,CRISIL Liquid Overnight Index,
44503,349,Nifty Midcap 150 - TRI,
2051,302,CRISIL Hybrid 85+15 - Conservative Index,
19166,323,Nifty India Consumption - TRI,
46625,450,NIFTY 50 Hybrid Composite Debt 50:50 Index,
3617,300,BSE 100 - TRI,
37709,444,CRISIL Corporate Bond Index,
9078,154,NIFTY 50 - TRI,
46079,444,CRISIL Corporate Bond Index,
48215,717,Nifty 50 Arbitrage - TRI,
50666,350,Nifty Smallcap 250 - TRI,
43978,301,CRISIL Hybrid 35+65 - Aggressive Index,
3634,316,NIFTY MNC - TRI,
46445,312,NIFTY 500 - TRI,
3281,314,NIFTY 100 - TRI,
2270,379,BSE 500 - TRI,
40232,295,BSE Bharat 22 Index,
46546,599,Nifty Housing - TRI,
39950,165,NIFTY NEXT 50 - TRI,
3723,321,NIFTY PSU BANK - TRI,
45985,165,NIFTY NEXT 50 - TRI,
45496,542,NYSE FANG+ TRI,
50229,312,NIFTY 500 - TRI,
48135,312,NIFTY 500 - TRI,
45991,438,NIFTY Long Duration Debt Index,
46874,350,Nifty Smallcap 250 - TRI,
3601,435,NIFTY Low Duration Debt Index,
48947,154,NIFTY 50 - TRI,
38179,359,NIFTY50 Equal Weight - TRI,
8463,312,NIFTY 500 - TRI,
15717,377,BSE 250 Small Cap - TRI,
50461,504,NIFTY200 Quality 30 - TRI,
172,349,Nifty Midcap 150 - TRI,
49933,377,BSE 250 Small Cap - TRI,
1981,154,NIFTY 50 - TRI,55.0
1981,443,Nifty Short Duration Debt Index,30.0
1981,65,Gold-India,7.5
1981,199,Silver,7.5
23,314,NIFTY 100 - TRI,
16034,433,NIFTY Composite Debt Index,60.0
16034,717,Nifty 50 Arbitrage - TRI,40.0
46941,649,CRISIL IBX Gilt Index - June 2036,
49051,323,Nifty India Consumption - TRI,
8583,312,NIFTY 500 - TRI,65.0
8583,433,NIFTY Composite Debt Index,20.0
8583,65,Gold-India,7.5
8583,199,Silver,7.5
34066,298,BSE 200 - TRI,65.0
34066,512,NIFTY AAA Short Duration Bond Index,35.0
34066,301,CRISIL Hybrid 35+65 - Aggressive Index,
45373,312,NIFTY 500 - TRI,
45868,374,BSE 150 MidCap - TRI,
48512,415,CRISIL Hybrid 50+50 - Moderate Index,
4584,13,BSE OIL & GAS Index,35.0
4584,532,MSCI World Energy 30% Buffer 10/40 Net Total Return,35.0
4584,11,BSE METAL Index,30.0
48500,65,Gold-India,
34434,311,NIFTY BANK - TRI,
23016,57,MSCI World,
48333,376,BSE 250 LargeMidCap Index - TRI,
41176,558,Nifty Microcap 250 - TRI,
4228,319,Nifty Infrastructure - TRI,
45685,312,NIFTY 500 - TRI,
47545,293,Nifty 1D Rate Index,
75053,312,NIFTY 500 - TRI,
594,319,Nifty Infrastructure - TRI,
48063,366,NIFTY LargeMidcap 250 - TRI,
14559,379,BSE 500 - TRI,
2644,323,Nifty India Consumption - TRI,
35459,270,Nifty 8-13 yr G-Sec,
4609,435,NIFTY Low Duration Debt Index,
4186,434,NIFTY Ultra Short Duration Debt Index,
50894,326,NIFTY 200 - TRI,55.0
50894,433,NIFTY Composite Debt Index,35.0
50894,65,Gold-India,7.0
50894,199,Silver,3.0
45529,165,NIFTY NEXT 50 - TRI,
999,301,CRISIL Hybrid 35+65 - Aggressive Index,100.0
45174,330,Nifty Financial Services - TRI,
5430,433,NIFTY Composite Debt Index,
37338,165,NIFTY NEXT 50 - TRI,
49973,450,NIFTY 50 Hybrid Composite Debt 50:50 Index,
4253,166,BSE India Infrastructure Index - TRI,
5437,420,CRISIL Money Market Index,
49046,316,NIFTY MNC - TRI,
46990,415,CRISIL Hybrid 50+50 - Moderate Index,
49127,768,CRISIL IBX AAA NBFC Index - Jun 2027,
30671,450,NIFTY 50 Hybrid Composite Debt 50:50 Index,
3367,312,NIFTY 500 - TRI,
49838,779,CRISIL-IBX Financial Services 3-6 Months Debt Index,
48900,717,Nifty 50 Arbitrage - TRI,
15380,312,NIFTY 500 - TRI,
46624,534,Nifty500 Multicap 50:25:25 - TRI,
46741,562,BSE Enhanced Value Index - TRI,
15379,421,CRISIL Hybrid 25+75 - Aggressive Index,
47567,379,BSE 500 - TRI,
43840,433,NIFTY Composite Debt Index,65.0
43840,717,Nifty 50 Arbitrage - TRI,35.0
49111,349,Nifty Midcap 150 - TRI,
44293,312,NIFTY 500 - TRI,
2770,451,NIFTY Credit Risk Bond Index,
48350,330,Nifty Financial Services - TRI,
2860,300,BSE 100 - TRI,
49884,534,Nifty500 Multicap 50:25:25 - TRI,
46224,450,NIFTY 50 Hybrid Composite Debt 50:50 Index,
47580,312,NIFTY 500 - TRI,
49477,779,CRISIL-IBX Financial Services 3-6 Months Debt Index,
49705,312,NIFTY 500 - TRI,
33563,311,NIFTY BANK - TRI,
865,370,NIFTY 50 Hybrid Composite Debt 65:35 Index,
25667,312,NIFTY 500 - TRI,
49893,504,NIFTY200 Quality 30 - TRI,
45387,569,Nifty PSU Bond Plus SDL Apr 2027 50:50 Index,
3582,319,Nifty Infrastructure - TRI,
48114,632,Nifty Transportation & Logistics - TRI,
8136,430,NIFTY Medium Duration Debt Index,
45141,312,NIFTY 500 - TRI,
2040,447,Nifty All Duration G-Sec Index,
2042,447,Nifty All Duration G-Sec Index,
43785,314,NIFTY 100 - TRI,
2896,379,BSE 500 - TRI,
47284,670,NIFTY BHARAT Bond Index - April 2033,
46369,199,Silver,
45100,434,NIFTY Ultra Short Duration Debt Index,
32972,354,Nifty MidSmallcap 400 - TRI,70.0
32972,44,CRISIL Short Term Bond Index,30.0
6197,418,CRISIL Medium to Long Term Debt Index,
49521,759,Nifty Rural - TRI,
2776,418,CRISIL Medium to Long Term Debt Index,
39401,436,NIFTY 50 Equity Savings Index,
48491,326,NIFTY 200 - TRI,
3254,166,BSE India Infrastructure Index - TRI,
7870,314,NIFTY 100 - TRI,
1269,447,Nifty All Duration G-Sec Index,
30426,232,CRISIL 10 Year Gilt Index,
2149,368,CRISIL Low Duration Debt Index,
44313,374,BSE 150 MidCap - TRI,
7876,323,Nifty India Consumption - TRI,
48748,154,NIFTY 50 - TRI,65.0
48748,443,Nifty Short Duration Debt Index,25.0
48748,65,Gold-India,10.0
50010,65,Gold-India,
46064,312,NIFTY 500 - TRI,
46622,312,NIFTY 500 - TRI,
46971,652,CRISIL IBX Gilt Index - April 2029,
48833,379,BSE 500 - TRI,
7455,433,NIFTY Composite Debt Index,
22514,417,CRISIL Medium Duration Debt Index,
3379,312,NIFTY 500 - TRI,
31581,270,Nifty 8-13 yr G-Sec,
49339,717,Nifty 50 Arbitrage - TRI,
48724,496,BSE Liquid Rate Index,
5348,330,Nifty Financial Services - TRI,
45838,312,NIFTY 500 - TRI,
44222,376,BSE 250 LargeMidCap Index - TRI,
46105,349,Nifty Midcap 150 - TRI,
48891,56,MSCI India,
48344,199,Silver,
1348,314,NIFTY 100 - TRI,
46106,402,BSE PSU - TRI,
45733,379,BSE 500 - TRI,
16220,65,Gold-India,
44739,312,NIFTY 500 - TRI,
36396,174,BSE SENSEX - TRI,
47175,646,Nifty Midcap150 Momentum 50 - TRI,
2253,435,NIFTY Low Duration Debt Index,
755,48,FTSE Gold Mines,
21769,312,NIFTY 500 - TRI,
5836,42,CRISIL Liquid Debt Index,
51065,450,NIFTY 50 Hybrid Composite Debt 50:50 Index,
48124,323,Nifty India Consumption - TRI,
49840,433,NIFTY Composite Debt Index,65.0
49840,717,Nifty 50 Arbitrage - TRI,35.0
45708,359,NIFTY50 Equal Weight - TRI,
46975,653,CRISIL IBX SDL Index - September 2027,
41965,316,NIFTY MNC - TRI,
48291,632,Nifty Transportation & Logistics - TRI,
2850,433,NIFTY Composite Debt Index,60.0
2850,717,Nifty 50 Arbitrage - TRI,40.0
3656,728,CRISIL Short Duration Debt Index,
45616,350,Nifty Smallcap 250 - TRI,
17716,65,Gold-India,
46937,350,Nifty Smallcap 250 - TRI,
1968,418,CRISIL Medium to Long Term Debt Index,
405,418,CRISIL Medium to Long Term Debt Index,
45584,318,NIFTY PHARMA - TRI,
961,23,BSE TECk Index,
961,408,BSE TECk Index - TRI,
48606,584,Nifty India Manufacturing - TRI,
44148,312,NIFTY 500 - TRI,
46506,596,CRISIL IBX 50:50 Gilt Plus SDL Index - April 2028,
35200,312,NIFTY 500 - TRI,
1909,42,CRISIL Liquid Debt Index,
50211,350,Nifty Smallcap 250 - TRI,
45884,57,MSCI World,
47948,323,Nifty India Consumption - TRI,
2047,55,MSCI Emerging Market Index,
44008,293,Nifty 1D Rate Index,
5144,330,Nifty Financial Services - TRI,
39625,445,Nifty Money Market Index,
7483,422,CRISIL Dynamic Gilt Index,
51009,379,BSE 500 - TRI,
3247,154,NIFTY 50 - TRI,
45999,589,CRISIL IBX SDL Index - May 2027,
48809,312,NIFTY 500 - TRI,
13366,450,NIFTY 50 Hybrid Composite Debt 50:50 Index,
30399,301,CRISIL Hybrid 35+65 - Aggressive Index,
48965,314,NIFTY 100 - TRI,
30730,436,NIFTY 50 Equity Savings Index,
50099,312,NIFTY 500 - TRI,
45863,594,Nifty SDL Plus G-Sec Jun 2028 70:30 Index,
2139,449,NIFTY Banking and PSU Debt Index,
3631,371,NIFTY 50 Hybrid Composite Debt 15:85 Index,
8812,262,MSCI AC World Index,
45480,326,NIFTY 200 - TRI,
45480,379,BSE 500 - TRI,
49459,534,Nifty500 Multicap 50:25:25 - TRI,
49209,776,BSE Select Business Groups Index - TRI,
2756,275,Nifty 10 yr Benchmark G-Sec,
46607,360,Nifty100 Low Volatility 30 - TRI,
24805,370,NIFTY 50 Hybrid Composite Debt 65:35 Index,
29571,727,CRISIL Credit Risk Debt Index,
14756,433,NIFTY Composite Debt Index,60.0
14756,717,Nifty 50 Arbitrage - TRI,40.0
45670,312,NIFTY 500 - TRI,
45721,312,NIFTY 500 - TRI,
45038,361,NIFTY Alpha Low-Volatility 30 - TRI,
39630,728,CRISIL Short Duration Debt Index,
2661,727,CRISIL Credit Risk Debt Index,
33729,391,BSE Health Care - TRI,
43846,534,Nifty500 Multicap 50:25:25 - TRI,
46629,330,Nifty Financial Services - TRI,
1517,315,NIFTY FMCG - TRI,
1680,379,BSE 500 - TRI,
2237,166,BSE India Infrastructure Index - TRI,
48959,312,NIFTY 500 - TRI,
46881,199,Silver,
43408,534,Nifty500 Multicap 50:25:25 - TRI,
48437,65,Gold-India,
45314,349,Nifty Midcap 150 - TRI,
13019,44,CRISIL Short Term Bond Index,50.0
13019,298,BSE 200 - TRI,50.0
13019,450,NIFTY 50 Hybrid Composite Debt 50:50 Index,
6291,447,Nifty All Duration G-Sec Index,
47003,65,Gold-India,
3050,323,Nifty India Consumption - TRI,
21956,449,NIFTY Banking and PSU Debt Index,
422,302,CRISIL Hybrid 85+15 - Conservative Index,
15131,65,Gold-India,
46182,415,CRISIL Hybrid 50+50 - Moderate Index,80.0
46182,63,S&P Global 1200,15.0
46182,65,Gold-India,5.0
13460,434,NIFTY Ultra Short Duration Debt Index,
46354,199,Silver,
49528,298,BSE 200 - TRI,
407,154,NIFTY 50 - TRI,
49801,329,Nifty Services Sector - TRI,
46852,312,NIFTY 500 - TRI,65.0
46852,433,NIFTY Composite Debt Index,20.0
46852,65,Gold-India,15.0
48189,408,BSE TECk Index - TRI,
45360,420,CRISIL Money Market Index,
49400,534,Nifty500 Multicap 50:25:25 - TRI,
15304,436,NIFTY 50 Equity Savings Index,
301,312,NIFTY 500 - TRI,
49245,366,NIFTY LargeMidcap 250 - TRI,
40568,301,CRISIL Hybrid 35+65 - Aggressive Index,
50139,65,Gold-India,50.0
50139,199,Silver,50.0
48957,312,NIFTY 500 - TRI,
48499,312,NIFTY 500 - TRI,
44314,165,NIFTY NEXT 50 - TRI,
17168,323,Nifty India Consumption - TRI,
3439,330,Nifty Financial Services - TRI,
46528,679,Nifty SDL Sep 2027 Index,
7996,402,BSE PSU - TRI,
45728,719,MSCI ACWI Net TRI,
3646,391,BSE Health Care - TRI,
1489,370,NIFTY 50 Hybrid Composite Debt 65:35 Index,
7785,314,NIFTY 100 - TRI,
12459,166,BSE India Infrastructure Index - TRI,
49692,415,CRISIL Hybrid 50+50 - Moderate Index,
883,42,CRISIL Liquid Debt Index,
302,433,NIFTY Composite Debt Index,
815,55,MSCI Emerging Market Index,
7516,379,BSE 500 - TRI,
49689,298,BSE 200 - TRI,65.0
49689,443,Nifty Short Duration Debt Index,20.0
49689,65,Gold-India,10.0
49689,199,Silver,5.0
33731,328,NIFTY COMMODITIES - TRI,
48064,717,Nifty 50 Arbitrage - TRI,
41641,165,NIFTY NEXT 50 - TRI,
30774,309,BSE India Manufacturing Index - TRI,
49044,634,Nifty India Defence - TRI,
35846,42,CRISIL Liquid Debt Index,
47908,321,NIFTY PSU BANK - TRI,
50377,312,NIFTY 500 - TRI,45.0
50377,433,NIFTY Composite Debt Index,45.0
50377,65,Gold-India,5.0
50377,199,Silver,5.0
45715,359,NIFTY50 Equal Weight - TRI,
2127,314,NIFTY 100 - TRI,
49315,312,NIFTY 500 - TRI,
3381,278,NIFTY Corporate Bond Index,
75090,312,NIFTY 500 - TRI,
48179,312,NIFTY 500 - TRI,
44315,312,NIFTY 500 - TRI,
47089,349,Nifty Midcap 150 - TRI,
49103,634,Nifty India Defence - TRI,
44087,427,NIFTY100 ESG - TRI,
48334,312,NIFTY 500 - TRI,
49235,312,NIFTY 500 - TRI,
45727,312,NIFTY 500 - TRI,
42000,293,Nifty 1D Rate Index,
46115,534,Nifty500 Multicap 50:25:25 - TRI,
45860,165,NIFTY NEXT 50 - TRI,
46108,349,Nifty Midcap 150 - TRI,
49162,767,Nifty500 Momentum 50 - TRI,
49091,312,NIFTY 500 - TRI,
46227,602,CRISIL IBX 60:40 SDL + AAA PSU Index - April 2027,
75051,415,CRISIL Hybrid 50+50 - Moderate Index,
25669,301,CRISIL Hybrid 35+65 - Aggressive Index,
48146,350,Nifty Smallcap 250 - TRI,
46864,697,CRISIL Long Duration Debt Index,
43811,350,Nifty Smallcap 250 - TRI,
46225,199,Silver,
