s_name,classification,schemecode,return_year1,return_year2,return_year3,return_year4,return_year5,return_year6,return_year7,return_year8,return_year9,return_year10,rank_year1,rank_year2,rank_year3,rank_year4,rank_year5,rank_year6,rank_year7,rank_year8,rank_year9,rank_year10,return_month1,return_month2,return_month3,return_month4,return_month5,return_month6,return_month7,return_month8,return_month9,return_month10,rank_month1,rank_month2,rank_month3,rank_month4,rank_month5,rank_month6,rank_month7,rank_month8,rank_month9,rank_month10,return_quarter1,return_quarter2,return_quarter3,return_quarter4,return_quarter5,return_quarter6,return_quarter7,return_quarter8,return_quarter9,return_quarter10,rank_quarter1,rank_quarter2,rank_quarter3,rank_quarter4,rank_quarter5,rank_quarter6,rank_quarter7,rank_quarter8,rank_quarter9,rank_quarter10,avg_year1,avg_year2,avg_year3,avg_year4,avg_year5,avg_year6,avg_year7,avg_year8,avg_year9,avg_year10,avg_month1,avg_month2,avg_month3,avg_month4,avg_month5,avg_month6,avg_month7,avg_month8,avg_month9,avg_month10,avg_quarter1,avg_quarter2,avg_quarter3,avg_quarter4,avg_quarter5,avg_quarter6,avg_quarter7,avg_quarter8,avg_quarter9,avg_quarter10,num_funds_year1,num_funds_year2,num_funds_year3,num_funds_year4,num_funds_year5,num_funds_year6,num_funds_year7,num_funds_year8,num_funds_year9,num_funds_year10,num_funds_month1,num_funds_month2,num_funds_month3,num_funds_month4,num_funds_month5,num_funds_month6,num_funds_month7,num_funds_month8,num_funds_month9,num_funds_month10,num_funds_quater10,num_funds_quater9,num_funds_quater8,num_funds_quater7,num_funds_quater6,num_funds_quater5,num_funds_quater4,num_funds_quater3,num_funds_quater2,num_funds_quater1
SBI Nifty 50 ETF,Equity : ETFs,33369,9.99,21.25,5.61,25.47,15.71,13.44,4.61,30.16,4.47,-,104,86,42,41,34,20,19,20,15,-,-5.78,-0.45,-2.02,-0.26,-6.12,2.27,1.35,3.98,6.74,0.02,50,32,78,117,82,89,60,98,80,71,-8.25,7.78,8.09,2.91,10.83,2.69,11.02,-4.04,6.04,8.69,100,70,86,87,84,85,88,59,52,59,17.22,28.47,3.94,27.55,13.11,8.95,0.95,32.5,5.06,-4.48,-7.57,-2.9,-1.45,0.61,-6.07,2.1,1.16,4.77,6.69,0.76,-6.75,8.24,10.43,5.13,12.17,5.33,12.52,-3.29,4.87,9.9,141,122,93,72,61,53,47,43,37,-,172,171,169,169,164,161,157,154,151,149,103,117,122,129,129,138,141,149,154,164
SBI BSE Sensex ETF,Equity : ETFs,20447,9.37,20.27,5.72,23.16,17.04,15.58,7.15,29.45,3.37,-2.97,117,101,30,51,15,9,7,33,31,12,-5.45,-0.78,-2.1,0.56,-5.7,2.35,0.95,3.51,7.06,-0.33,36,46,96,59,64,61,85,115,47,105,-7.17,6.94,7.91,2.09,9.94,2.06,10.37,-2.89,6.12,8.61,79,107,103,97,101,97,108,38,35,71,17.22,28.47,3.94,27.55,13.11,8.95,0.95,32.5,5.06,-4.48,-7.57,-2.9,-1.45,0.61,-6.07,2.1,1.16,4.77,6.69,0.76,-6.75,8.24,10.43,5.13,12.17,5.33,12.52,-3.29,4.87,9.9,141,122,93,72,61,53,47,43,37,25,172,171,169,169,164,161,157,154,151,149,103,117,122,129,129,138,141,149,154,164
HDFC Balanced Advantage Fund(G),Hybrid : Dynamic Asset Allocation,1273,16.71,31.3,18.78,26.36,7.57,6.89,-0.78,35.42,6.59,-0.37,4,1,1,1,17,13,12,1,4,11,-4.33,-2,-0.78,0.09,-2.43,0.38,0.29,3.62,2.92,2.44,22,15,26,24,8,28,30,4,28,1,-3.1,4.32,9.3,5.64,11.25,9.17,8.85,-0.68,7.29,8.63,19,24,1,5,2,3,3,7,1,3,12.97,18.6,3.87,13.88,12.21,7.7,1.12,20.1,5.49,3.55,-4.2,-2.36,-0.38,0.39,-3.18,1.14,1.15,2.9,3.78,0.63,-3.16,5.26,6.58,4.04,7.63,4.16,7.8,-1.48,2.64,6.26,30,24,22,19,19,16,14,12,11,11,33,33,33,33,33,33,32,32,32,32,22,24,24,25,26,27,30,32,32,33
Parag Parikh Flexi Cap Fund-Reg(G),Equity : Flexi Cap,21520,23.92,36.57,-7.23,45.51,32.29,14.43,-0.43,29.36,3.28,8.94,13,3,30,3,3,4,4,19,12,3,-4.56,-0.33,0.99,0.85,-3.03,3.12,1.1,3.55,5.3,0.98,2,1,7,20,2,8,33,30,45,25,-1.24,7.96,9.25,6.38,11.57,5.18,12.19,3.73,2.06,6.26,6,25,43,16,19,30,29,1,25,35,20.6,28.36,0.44,33.22,17.62,9.98,-5.03,36.15,4.25,1.92,-7.82,-5.46,-0.58,0.56,-5.46,2.04,1.57,4.07,7.29,1.06,-5.46,7.86,12.89,4.95,11.62,6.35,12.91,-4.01,2.6,11.24,46,39,33,29,26,26,23,21,21,19,48,48,48,48,48,48,48,48,48,48,35,39,39,41,43,45,46,47,48,48
HDFC Liquid Fund(G),Debt : Liquid,1286,7.33,6.95,4.77,3.21,4.11,6.52,7.23,6.53,7.59,8.35,17,23,20,26,20,17,25,26,21,13,0.54,0.58,0.58,0.56,0.58,0.58,0.57,0.6,0.56,0.59,13,26,25,23,22,21,16,16,23,23,1.73,1.77,1.78,1.86,1.73,1.69,1.7,1.66,1.59,1.26,23,17,18,5,29,22,16,16,17,23,7.24,6.92,4.76,3.23,4.03,6.47,6.91,6.62,7.57,8.3,0.53,0.58,0.58,0.55,0.58,0.58,0.57,0.59,0.56,0.59,1.72,1.75,1.76,1.81,1.73,1.68,1.68,1.64,1.58,1.26,37,35,35,34,34,32,30,30,29,29,38,38,38,37,37,37,37,37,37,37,35,35,35,36,36,37,37,37,37,37
SBI Equity Hybrid Fund-Reg(G),Hybrid : Equity Oriented,2747,14.21,16.41,2.27,23.6,12.9,13.49,-0.06,27.66,3.7,7.36,24,28,33,17,21,6,16,7,27,4,-3.66,-0.53,-0.7,1,-4.47,2.2,1.01,2.42,4.97,0.48,24,14,41,9,48,7,32,28,22,35,-4.19,5.73,8.12,4.27,7.41,3.97,9.34,-4.66,1.9,8.62,41,21,26,15,26,25,17,52,38,11,13.84,17.14,2.68,19.47,11.86,7.41,-1.41,20.48,6.33,3.95,-4.1,-2.19,-0.19,0.41,-2.67,1.22,1.12,2.66,4.13,0.73,-2.44,5.08,7.27,3.53,6.66,3.81,7.43,-1.57,2.69,6.24,55,54,54,52,51,46,38,36,33,29,55,55,55,55,55,55,55,55,55,55,54,54,54,54,54,55,55,55,55,55
HDFC Mid-Cap Opportunities Fund(G),Equity : Mid Cap,1305,28.62,44.47,12.29,39.91,21.75,0.2,-11.2,41.66,11.35,5.81,15,4,2,18,16,14,9,13,2,18,-8.58,-6.64,1.68,0.4,-4.09,2.69,-0.67,6.24,7.13,2.48,4,6,8,20,3,10,28,3,27,15,-2.08,8.37,14.47,5.88,12.18,10.95,19.3,-2.7,4.7,17.2,7,13,28,10,13,13,2,7,3,5,28.88,36.87,2.52,44.05,24.02,3.22,-11.45,42.34,4.33,8.82,-9.83,-7.84,1,0.65,-5.6,2.22,1.05,4.61,8.74,2.53,-4.02,8.06,18.54,4.75,11.82,10.1,15.84,-4.03,0.51,15.09,30,30,25,24,23,22,21,20,20,20,30,30,30,30,30,30,30,30,30,30,25,27,30,30,30,30,30,30,30,30
SBI Liquid Fund-Reg(G),Debt : Liquid,2828,7.26,6.95,4.76,3.27,4.18,6.51,7.31,6.55,7.59,8.28,26,25,21,10,13,18,23,25,19,21,0.54,0.58,0.57,0.55,0.58,0.58,0.57,0.6,0.56,0.59,14,30,33,28,28,32,26,20,29,27,1.71,1.76,1.77,1.84,1.73,1.69,1.69,1.66,1.6,1.26,30,26,26,17,27,23,22,18,13,20,7.24,6.92,4.76,3.23,4.03,6.47,6.91,6.62,7.57,8.3,0.53,0.58,0.58,0.55,0.58,0.58,0.57,0.59,0.56,0.59,1.72,1.75,1.76,1.81,1.73,1.68,1.68,1.64,1.58,1.26,37,35,35,34,34,32,30,30,29,29,38,38,38,37,37,37,37,37,37,37,35,35,35,36,36,37,37,37,37,37
HDFC Flexi Cap Fund(G),Equity : Flexi Cap,1131,23.48,30.6,18.29,36.17,6.44,6.83,-3.53,36.86,7.26,-5.09,15,13,1,10,26,21,8,11,6,17,-4.39,-2.44,-1.27,0.33,-3.74,2.93,1.71,3.3,6.51,2.11,1,5,34,29,5,12,26,37,34,11,-4.65,8.15,12.31,6.61,12.8,6.44,11.86,-2.75,8.16,11.19,18,20,25,14,12,18,31,7,1,17,20.6,28.36,0.44,33.22,17.62,9.98,-5.03,36.15,4.25,1.92,-7.82,-5.46,-0.58,0.56,-5.46,2.04,1.57,4.07,7.29,1.06,-5.46,7.86,12.89,4.95,11.62,6.35,12.91,-4.01,2.6,11.24,46,39,33,29,26,26,23,21,21,19,48,48,48,48,48,48,48,48,48,48,35,39,39,41,43,45,46,47,48,48
ICICI Pru Bluechip Fund(G),Equity : Large Cap,4980,16.87,27.39,6.85,29.17,13.49,9.77,-0.81,32.75,7.74,-0.21,13,9,5,9,22,21,11,10,6,17,-6.03,-1.22,-2.04,-0.22,-5.43,2.1,1.27,4.89,5.82,0.01,10,2,28,28,6,18,22,8,28,28,-7.56,8.45,7.65,8.29,12,6,10.74,-3.1,6.43,8.3,21,13,34,5,11,6,27,10,3,31,15.63,24.08,2.41,25.87,14.65,10.95,-2.17,31.3,4.13,1.2,-7.06,-3.09,-1.54,0.21,-6.13,1.96,1.32,4.37,6.61,0.4,-7.37,7.8,9.98,5.75,11.23,4.22,11.7,-4.18,4.22,9.98,36,36,34,33,31,30,30,28,28,28,38,38,38,38,38,38,37,37,37,37,34,35,36,36,36,36,36,37,37,38
Kotak Equity Arbitrage Fund(G),Hybrid : Arbitrage,1979,7.84,7.38,4.53,3.96,4.33,6.07,6.32,5.84,6.65,7.5,1,2,3,2,7,9,2,4,5,10,0.46,0.66,0.64,0.53,0.67,0.49,0.55,0.6,0.67,0.59,10,6,4,3,2,17,17,6,2,6,1.85,1.64,1.99,2.14,1.66,1.96,1.85,1.71,1.45,0.9,1,11,1,2,1,2,2,4,4,5,7.37,6.94,3.96,3.44,3.95,5.89,5.62,5.55,6.57,7.61,0.44,0.63,0.59,0.5,0.6,0.49,0.56,0.57,0.62,0.57,1.71,1.62,1.85,1.98,1.57,1.86,1.73,1.6,1.32,0.81,26,24,24,24,22,19,16,16,14,14,30,30,29,27,27,26,26,26,26,26,24,24,24,24,24,25,26,26,26,27
ICICI Pru Balanced Advantage Fund(G),Hybrid : Dynamic Asset Allocation,1470,12.31,16.52,7.9,15.14,11.71,10.79,2.44,19.01,7.35,6.7,20,19,3,9,11,3,5,6,3,1,-2.78,-0.25,-0.36,-0.16,-2.66,1.41,1.35,3.16,3.26,0.26,4,2,16,28,11,13,10,9,27,25,-3.16,6.03,4.53,4.64,6.69,3.81,5.88,-0.64,2.78,5.11,20,7,29,8,18,10,24,6,12,16,12.97,18.6,3.87,13.88,12.21,7.7,1.12,20.1,5.49,3.55,-4.2,-2.36,-0.38,0.39,-3.18,1.14,1.15,2.9,3.78,0.63,-3.16,5.26,6.58,4.04,7.63,4.16,7.8,-1.48,2.64,6.26,30,24,22,19,19,16,14,12,11,11,33,33,33,33,33,33,32,32,32,32,22,24,24,25,26,27,30,32,32,33
Aditya Birla SL Liquid Fund(G),Debt : Liquid,293,7.35,7.05,4.82,3.26,4.29,6.69,7.41,6.69,7.7,8.38,12,2,14,14,5,6,13,12,6,8,0.54,0.59,0.58,0.56,0.59,0.58,0.58,0.61,0.57,0.6,8,19,19,17,13,20,8,5,10,8,1.74,1.78,1.8,1.84,1.75,1.7,1.71,1.71,1.61,1.27,15,11,7,14,15,16,6,1,8,15,7.24,6.92,4.76,3.23,4.03,6.47,6.91,6.62,7.57,8.3,0.53,0.58,0.58,0.55,0.58,0.58,0.57,0.59,0.56,0.59,1.72,1.75,1.76,1.81,1.73,1.68,1.68,1.64,1.58,1.26,37,35,35,34,34,32,30,30,29,29,38,38,38,37,37,37,37,37,37,37,35,35,35,36,36,37,37,37,37,37
ICICI Pru Liquid Fund(G),Debt : Liquid,1659,7.36,6.98,4.76,3.23,4.27,6.6,7.4,6.64,7.66,8.33,7,12,23,23,9,13,16,18,9,17,0.54,0.59,0.58,0.56,0.58,0.58,0.58,0.61,0.57,0.6,19,16,20,19,17,17,12,6,9,11,1.73,1.78,1.8,1.85,1.74,1.69,1.7,1.67,1.58,1.26,18,12,4,7,20,21,15,10,24,22,7.24,6.92,4.76,3.23,4.03,6.47,6.91,6.62,7.57,8.3,0.53,0.58,0.58,0.55,0.58,0.58,0.57,0.59,0.56,0.59,1.72,1.75,1.76,1.81,1.73,1.68,1.68,1.64,1.58,1.26,37,35,35,34,34,32,30,30,29,29,38,38,38,37,37,37,37,37,37,37,35,35,35,36,36,37,37,37,37,37
UTI Nifty 50 ETF,Equity : ETFs,33150,9.99,21.25,5.62,25.49,15.69,13.45,4.53,30.31,4.68,-,101,84,41,38,37,18,22,19,12,-,-5.78,-0.45,-2.02,-0.26,-6.12,2.27,1.35,3.98,6.74,0.02,48,31,79,114,80,87,55,96,82,74,-8.25,7.78,8.09,2.91,10.83,2.69,11.02,-4.04,6.04,8.68,97,68,89,88,86,83,83,58,51,60,17.22,28.47,3.94,27.55,13.11,8.95,0.95,32.5,5.06,-4.48,-7.57,-2.9,-1.45,0.61,-6.07,2.1,1.16,4.77,6.69,0.76,-6.75,8.24,10.43,5.13,12.17,5.33,12.52,-3.29,4.87,9.9,141,122,93,72,61,53,47,43,37,-,172,171,169,169,164,161,157,154,151,149,103,117,122,129,129,138,141,149,154,164
ICICI Pru Multi-Asset Fund(G),Hybrid : Multi Asset Allocation,1495,16.15,24.15,16.84,34.72,9.94,7.73,-2.19,28.15,12.5,-1.41,8,5,1,2,7,6,7,1,2,6,-2.34,1.98,-1.23,-1.03,-2.57,2.49,1.23,2.96,3.43,0.5,6,2,21,22,13,6,13,6,14,21,-4.76,6.82,7.06,6.64,8.48,6.89,7.21,-0.14,7.17,6.47,22,6,17,4,9,1,8,6,1,7,15.16,21.32,5.47,22.74,16.54,9.66,0.29,16,8.26,2.67,-3.55,-1.25,-0.54,-0.37,-2.59,1.89,1.3,2.35,3.54,1.06,-3.46,5.64,7.8,4.96,8.51,4.09,7.59,-0.97,4.17,6.96,17,11,10,10,7,7,7,7,7,7,28,28,26,26,26,25,25,25,24,24,10,10,11,12,14,17,17,24,25,26
Nippon India Small Cap Fund(G),Equity : Small Cap,12758,26.07,48.92,6.54,74.34,29.24,-2.52,-16.69,62.97,5.56,15.11,11,5,5,3,9,10,6,3,8,3,-11.96,-9.27,-0.82,-0.36,-2.99,1.15,0.02,6.08,8.61,1.27,16,15,21,20,11,24,23,4,16,9,-4.12,7.32,20.16,1.96,12.93,12.54,19.86,-2.24,2.66,16.11,20,21,7,10,7,7,3,7,5,7,26.85,41.08,1.3,62.64,30.35,-0.96,-16.72,49.29,6.2,10.26,-11.73,-9.25,-0,0.39,-3.22,2.09,1.84,4.71,9.01,0.57,-2.96,8.87,18.45,1.38,11.85,11.12,17.15,-3.19,0.84,14.98,27,24,23,22,19,17,14,13,13,13,30,29,29,28,28,28,28,28,27,27,23,23,24,24,24,24,27,27,28,28
SBI BlueChip Fund-Reg(G),Equity : Large Cap,2711,12.45,22.62,4.36,26.08,16.34,11.64,-4.11,30.23,4.83,7.99,29,22,9,19,13,14,22,17,13,2,-6.39,-1.43,-1.84,-0.29,-5.43,3.18,0.69,4.04,6.51,1.52,16,5,26,31,7,2,28,26,23,4,-7.44,8.09,9.66,2.5,8.89,2.67,13.03,-2.95,4.89,9.29,20,17,23,34,33,30,7,6,13,21,15.63,24.08,2.41,25.87,14.65,10.95,-2.17,31.3,4.13,1.2,-7.06,-3.09,-1.54,0.21,-6.13,1.96,1.32,4.37,6.61,0.4,-7.37,7.8,9.98,5.75,11.23,4.22,11.7,-4.18,4.22,9.98,36,36,34,33,31,30,30,28,28,28,38,38,38,38,38,38,37,37,37,37,34,35,36,36,36,36,36,37,37,38
ICICI Pru Value Discovery Fund(G),Equity : Value / Contra,1492,19.98,31.4,14.95,38.52,22.87,0.59,-4.22,23.82,4.61,5.44,14,14,3,6,2,10,5,14,9,3,-5.38,-0.48,-1.95,-0.94,-4.78,1.54,2.13,6.97,6,-0.1,2,1,17,19,5,11,7,1,17,20,-7.51,10.94,8.25,8.02,11.09,9.01,10.18,-1.53,8.07,7.52,17,2,21,3,20,6,20,5,3,21,21.21,34.42,5.98,36.12,16.43,2.39,-8.75,39.93,6.46,2.48,-7.81,-4.78,-1.3,-0.01,-5.26,1.24,1.39,5.12,6.9,1.29,-6.5,7.91,13.29,6.07,13.86,8.29,12.73,-3.44,5.76,11.08,22,21,21,18,17,17,15,15,15,14,22,22,22,22,22,22,22,22,22,22,21,21,21,21,22,22,22,22,22,22
Kotak Flexicap Fund(G),Equity : Flexi Cap,7874,16.5,24.2,5,25.37,11.79,12.28,-0.88,34.31,9.44,2.96,31,33,8,24,19,8,5,13,3,7,-7.57,-2.69,-1.57,1.28,-5.87,1.93,-1.23,3.69,6.17,2.57,24,8,38,12,32,27,46,28,40,6,-6.16,4.38,13.73,4.57,10.41,5.8,10.31,-3.61,5.63,10.55,32,45,17,26,31,27,39,16,4,20,20.6,28.36,0.44,33.22,17.62,9.98,-5.03,36.15,4.25,1.92,-7.82,-5.46,-0.58,0.56,-5.46,2.04,1.57,4.07,7.29,1.06,-5.46,7.86,12.89,4.95,11.62,6.35,12.91,-4.01,2.6,11.24,46,39,33,29,26,26,23,21,21,19,48,48,48,48,48,48,48,48,48,48,35,39,39,41,43,45,46,47,48,48
Kotak Emerging Equity Fund(G),Equity : Mid Cap,1977,33.55,31.5,5.13,47.31,21.89,8.86,-11.72,43,10.36,8.42,6,27,6,10,15,4,10,9,4,9,-11.24,-8.62,1.06,1.76,-4.53,2,0.92,4.69,9.48,5.23,27,24,15,5,7,17,18,17,10,1,-1.82,7.77,23.67,2.06,9.7,8.93,13.14,-2.73,1.02,15.2,6,18,3,23,23,19,25,9,12,12,28.88,36.87,2.52,44.05,24.02,3.22,-11.45,42.34,4.33,8.82,-9.83,-7.84,1,0.65,-5.6,2.22,1.05,4.61,8.74,2.53,-4.02,8.06,18.54,4.75,11.82,10.1,15.84,-4.03,0.51,15.09,30,30,25,24,23,22,21,20,20,20,30,30,30,30,30,30,30,30,30,30,25,27,30,30,30,30,30,30,30,30
Axis Liquid Fund-Reg(G),Debt : Liquid,8029,7.38,7.05,4.88,3.28,4.28,6.64,7.45,6.71,7.64,8.35,3,1,4,8,8,8,3,7,14,12,0.54,0.6,0.59,0.57,0.59,0.59,0.58,0.6,0.56,0.6,2,1,9,4,11,11,13,24,17,6,1.75,1.77,1.79,1.87,1.76,1.71,1.72,1.69,1.62,1.29,3,15,13,1,5,4,5,4,5,7,7.24,6.92,4.76,3.23,4.03,6.47,6.91,6.62,7.57,8.3,0.53,0.58,0.58,0.55,0.58,0.58,0.57,0.59,0.56,0.59,1.72,1.75,1.76,1.81,1.73,1.68,1.68,1.64,1.58,1.26,37,35,35,34,34,32,30,30,29,29,38,38,38,37,37,37,37,37,37,37,35,35,35,36,36,37,37,37,37,37
UTI BSE Sensex ETF,Equity : ETFs,33151,9.38,20.27,5.73,23.11,17.05,15.62,7.14,29.58,3.52,-,115,100,29,52,14,6,9,30,28,-,-5.45,-0.78,-2.1,0.56,-5.7,2.35,0.95,3.51,7.06,-0.33,35,45,95,58,63,60,83,116,46,104,-7.16,6.94,7.91,2.09,9.94,2.06,10.37,-2.89,6.12,8.61,76,106,102,96,102,98,106,37,34,72,17.22,28.47,3.94,27.55,13.11,8.95,0.95,32.5,5.06,-4.48,-7.57,-2.9,-1.45,0.61,-6.07,2.1,1.16,4.77,6.69,0.76,-6.75,8.24,10.43,5.13,12.17,5.33,12.52,-3.29,4.87,9.9,141,122,93,72,61,53,47,43,37,-,172,171,169,169,164,161,157,154,151,149,103,117,122,129,129,138,141,149,154,164
SBI Contra Fund-Reg(G),Equity : Value / Contra,2809,18.8,38.22,12.76,49.92,30.6,-1.03,-14.33,40.23,2.4,-0.1,15,6,4,2,1,14,13,8,13,11,-6.26,-3.1,-1.48,0.44,-5.8,1.22,0.82,4.84,6.89,-0.15,6,5,13,8,16,14,16,11,14,21,-6.78,6.99,12.53,5.86,13.13,9.37,12.93,-1.08,5.59,12.44,10,14,15,9,13,4,10,2,10,5,21.21,34.42,5.98,36.12,16.43,2.39,-8.75,39.93,6.46,2.48,-7.81,-4.78,-1.3,-0.01,-5.26,1.24,1.39,5.12,6.9,1.29,-6.5,7.91,13.29,6.07,13.86,8.29,12.73,-3.44,5.76,11.08,22,21,21,18,17,17,15,15,15,14,22,22,22,22,22,22,22,22,22,22,21,21,21,21,22,22,22,22,22,22
Nippon India ETF Nifty 50 BeES,Equity : ETFs,2272,10,21.27,5.64,25.51,15.77,13.47,4.62,30.01,3.92,-3.2,100,80,37,35,31,16,17,24,24,13,-5.78,-0.45,-2.02,-0.26,-6.12,2.27,1.36,3.98,6.74,0.02,52,25,75,119,76,90,51,97,77,68,-8.25,7.78,8.09,2.91,10.84,2.69,11.03,-4.03,6.05,8.69,98,67,83,83,82,81,81,56,49,58,17.22,28.47,3.94,27.55,13.11,8.95,0.95,32.5,5.06,-4.48,-7.57,-2.9,-1.45,0.61,-6.07,2.1,1.16,4.77,6.69,0.76,-6.75,8.24,10.43,5.13,12.17,5.33,12.52,-3.29,4.87,9.9,141,122,93,72,61,53,47,43,37,25,172,171,169,169,164,161,157,154,151,149,103,117,122,129,129,138,141,149,154,164
ICICI Pru Equity & Debt Fund(G),Hybrid : Equity Oriented,1482,17.17,28.25,11.7,41.7,8.95,9.33,-1.91,24.78,13.66,2.1,13,3,2,3,40,17,25,12,2,21,-3.8,-0.37,-1.4,-1.18,-4.31,2.22,1.44,4.61,4.24,-0.2,25,13,51,54,46,6,17,3,27,52,-6.76,8.47,6.48,8.8,9.59,8.54,9.03,-1.11,5.08,7.03,54,4,32,2,8,3,19,21,4,25,13.84,17.14,2.68,19.47,11.86,7.41,-1.41,20.48,6.33,3.95,-4.1,-2.19,-0.19,0.41,-2.67,1.22,1.12,2.66,4.13,0.73,-2.44,5.08,7.27,3.53,6.66,3.81,7.43,-1.57,2.69,6.24,55,54,54,52,51,46,38,36,33,29,55,55,55,55,55,55,55,55,55,55,54,54,54,54,54,55,55,55,55,55
Kotak Liquid Fund-Reg(G),Debt : Liquid,2060,7.3,6.95,4.74,3.23,4.12,6.48,7.37,6.66,7.6,8.33,22,24,24,22,17,21,18,17,18,18,0.53,0.58,0.57,0.56,0.58,0.58,0.57,0.6,0.57,0.59,27,25,29,24,19,24,18,15,16,29,1.72,1.77,1.78,1.84,1.75,1.68,1.69,1.66,1.59,1.24,27,18,21,21,10,25,19,19,19,27,7.24,6.92,4.76,3.23,4.03,6.47,6.91,6.62,7.57,8.3,0.53,0.58,0.58,0.55,0.58,0.58,0.57,0.59,0.56,0.59,1.72,1.75,1.76,1.81,1.73,1.68,1.68,1.64,1.58,1.26,37,35,35,34,34,32,30,30,29,29,38,38,38,37,37,37,37,37,37,37,35,35,35,36,36,37,37,37,37,37
Mirae Asset Large Cap Fund-Reg(G),Equity : Large Cap,4457,12.69,18.45,1.6,27.74,13.7,12.73,-0.64,38.58,8.09,4.25,27,33,19,14,20,10,10,2,4,6,-6.02,-2.31,-1.83,0.68,-6.3,2.47,1.31,4.76,7.25,0.25,9,13,25,13,23,11,20,9,11,19,-7.39,8.76,10.06,1.65,8.05,3.44,10.72,-4.29,3.94,8.54,18,10,18,35,35,23,28,21,23,27,15.63,24.08,2.41,25.87,14.65,10.95,-2.17,31.3,4.13,1.2,-7.06,-3.09,-1.54,0.21,-6.13,1.96,1.32,4.37,6.61,0.4,-7.37,7.8,9.98,5.75,11.23,4.22,11.7,-4.18,4.22,9.98,36,36,34,33,31,30,30,28,28,28,38,38,38,38,38,38,37,37,37,37,34,35,36,36,36,36,36,37,37,38
Nippon India Multi Cap Fund(G),Equity : Multi Cap,2466,25.82,38.13,14.12,48.91,0.04,2.2,-2.19,40.87,-6.67,0.51,11,4,2,3,20,15,5,6,14,12,-7.37,-6.3,-0.9,-0.17,-4.63,2.4,0.73,3.88,6.18,2.19,14,23,28,29,12,18,34,25,34,8,-5.66,7.15,16.84,6.53,9.29,10.57,16.65,-2.01,2.05,17.95,24,29,3,10,28,4,1,3,20,1,22.06,29.3,1.54,36.94,15.88,9.81,-6.6,39.26,2.92,2.93,-8.13,-5.83,-0.35,0.71,-5.17,2.17,1.98,4.25,7.53,0.83,-4.72,8.64,13.46,4.76,11.46,7.24,13.41,-4.24,2.53,12.28,36,29,27,21,20,15,15,14,14,14,42,42,41,41,40,39,39,38,37,37,28,28,29,32,32,35,36,37,38,40
Nippon India Large Cap Fund(G),Equity : Large Cap,2455,18.24,32.15,11.33,32.37,4.91,7.25,-0.2,38.42,2.23,1.11,10,2,1,6,31,25,7,3,22,13,-6.47,-3.02,-1.14,0.28,-5.07,1.98,0.29,4.23,6.07,0.33,19,24,12,22,5,20,31,23,26,17,-5.89,6.61,9.87,7.26,10.75,6.77,14.17,-2.11,4.85,12.51,6,29,19,9,17,2,3,2,14,3,15.63,24.08,2.41,25.87,14.65,10.95,-2.17,31.3,4.13,1.2,-7.06,-3.09,-1.54,0.21,-6.13,1.96,1.32,4.37,6.61,0.4,-7.37,7.8,9.98,5.75,11.23,4.22,11.7,-4.18,4.22,9.98,36,36,34,33,31,30,30,28,28,28,38,38,38,38,38,38,37,37,37,37,34,35,36,36,36,36,36,37,37,38
Nippon India Liquid Fund(G),Debt : Liquid,2637,7.33,6.96,4.77,3.22,4.26,6.7,7.44,6.69,7.65,8.34,18,21,19,25,10,5,5,11,13,16,0.54,0.59,0.58,0.56,0.58,0.58,0.57,0.6,0.57,0.59,15,21,23,18,21,26,24,21,14,21,1.73,1.76,1.79,1.85,1.74,1.69,1.69,1.66,1.6,1.26,19,24,17,6,26,20,18,14,14,21,7.24,6.92,4.76,3.23,4.03,6.47,6.91,6.62,7.57,8.3,0.53,0.58,0.58,0.55,0.58,0.58,0.57,0.59,0.56,0.59,1.72,1.75,1.76,1.81,1.73,1.68,1.68,1.64,1.58,1.26,37,35,35,34,34,32,30,30,29,29,38,38,38,37,37,37,37,37,37,37,35,35,35,36,36,37,37,37,37,37
HDFC Large Cap Fund(G),Equity : Large Cap,1331,11.64,30.02,10.61,28.54,5.91,7.7,0.13,31.97,8.52,-6.09,33,3,2,11,30,23,6,12,3,28,-5.64,-1.47,-2.05,-0.43,-6.52,2.03,1.45,4.71,5.32,0.46,5,7,29,33,31,19,17,12,33,14,-8.82,8.38,7.76,4.85,12.55,5.96,11.44,-2.17,7.4,7.94,34,14,33,22,9,7,21,3,1,33,15.63,24.08,2.41,25.87,14.65,10.95,-2.17,31.3,4.13,1.2,-7.06,-3.09,-1.54,0.21,-6.13,1.96,1.32,4.37,6.61,0.4,-7.37,7.8,9.98,5.75,11.23,4.22,11.7,-4.18,4.22,9.98,36,36,34,33,31,30,30,28,28,28,38,38,38,38,38,38,37,37,37,37,34,35,36,36,36,36,36,37,37,38
Mirae Asset Large & Midcap Fund-Reg(G),Equity : Large & Mid Cap,9767,15.56,29.34,-1.45,39.13,22.4,14.72,-5.42,49.01,12.17,14.08,26,15,18,11,5,2,10,2,3,2,-8.22,-5.22,-1.29,0.74,-6.55,0.93,0.93,5.11,7.42,0.93,19,15,25,18,26,26,23,5,16,22,-7.08,7.08,12.79,2.97,10.84,8.11,12.89,-4.39,3.2,8.27,25,21,22,22,17,8,16,18,12,26,23.76,29.97,1.67,37.71,16.05,8.72,-6.96,38.13,6.54,4.76,-8.31,-5.86,-0.08,0.76,-5.6,2,1.67,4.17,7.63,1.47,-5.01,8.03,14.33,5.41,11.54,7,13.56,-4.1,2.75,12.11,27,26,26,26,25,21,20,20,20,18,31,31,31,31,30,29,29,29,29,29,26,26,26,26,26,26,27,29,29,30
CPSE ETF,Equity : ETFs,27621,28.03,75.62,27.95,46,-13.5,-3.88,-18.99,19.36,17.43,-14.28,19,2,4,7,59,51,47,43,1,23,-11.37,0.98,-6.72,-0.81,-8.96,-1.89,-0.83,10.35,3.31,5.33,152,7,169,139,139,143,147,14,140,8,-15.78,7.37,18.16,19.82,24.86,20.75,11.67,4.31,9.08,5.49,163,95,8,5,1,4,65,5,18,89,17.22,28.47,3.94,27.55,13.11,8.95,0.95,32.5,5.06,-4.48,-7.57,-2.9,-1.45,0.61,-6.07,2.1,1.16,4.77,6.69,0.76,-6.75,8.24,10.43,5.13,12.17,5.33,12.52,-3.29,4.87,9.9,141,122,93,72,61,53,47,43,37,25,172,171,169,169,164,161,157,154,151,149,103,117,122,129,129,138,141,149,154,164
SBI Focused Equity Fund-Reg(G),Equity : Multi Cap,2817,17.15,22.23,-8.49,42.98,14.54,16.06,-3.81,44.73,2.22,4.33,28,26,26,6,12,3,6,5,8,4,-6.52,-0.01,0.02,-0.62,-3.72,2.76,0.33,2.92,5.09,1.32,10,1,17,37,6,12,38,35,37,15,-4.29,6.11,10.84,4.08,7.14,5.79,13.91,-5.34,-0.31,11.5,14,34,31,23,34,23,13,23,24,18,22.06,29.3,1.54,36.94,15.88,9.81,-6.6,39.26,2.92,2.93,-8.13,-5.83,-0.35,0.71,-5.17,2.17,1.98,4.25,7.53,0.83,-4.72,8.64,13.46,4.76,11.46,7.24,13.41,-4.24,2.53,12.28,36,29,27,21,20,15,15,14,14,14,42,42,41,41,40,39,39,38,37,37,28,28,29,32,32,35,36,37,38,40
SBI Balanced Advantage Fund-Reg(G),Hybrid : Dynamic Asset Allocation,32097,13.46,20.39,5.07,-,-,-,-,-,-,-,14,4,7,-,-,-,-,-,-,-,-2.82,-0.63,-0.42,0.13,-2.04,1.01,0.6,2.41,2.8,0.63,5,5,18,23,6,21,28,21,29,17,-2.32,4.06,5.57,5.73,6.45,3.91,7.96,0.81,3.46,4.64,12,26,27,4,21,9,13,1,5,19,12.97,18.6,3.87,13.88,12.21,7.7,1.12,20.1,5.49,3.55,-4.2,-2.36,-0.38,0.39,-3.18,1.14,1.15,2.9,3.78,0.63,-3.16,5.26,6.58,4.04,7.63,4.16,7.8,-1.48,2.64,6.26,30,24,22,-,-,-,-,-,-,-,33,33,33,33,33,33,32,32,32,32,22,24,24,25,26,27,30,32,32,33
HDFC Corp Bond Fund(G),Debt : Corporate Bond,8241,8.56,7.2,3.27,3.9,11.81,10.32,6.49,6.51,10.63,8.61,1,3,9,5,3,6,6,6,5,6,0.31,0.65,0.51,0.5,0.56,0.97,0.75,0.89,0.57,0.85,16,8,10,16,4,9,3,9,4,16,1.58,2.64,1.82,2.26,1.47,1.78,2.19,1.57,1.58,1.86,6,8,1,2,19,2,4,8,8,2,8,6.73,3.1,3.56,10.54,8.94,6.11,5.55,10.48,7.71,0.37,0.61,0.51,0.54,0.48,0.92,0.71,0.88,0.53,0.85,1.54,2.54,1.64,2.06,1.58,1.44,2.01,1.54,1.59,1.36,21,20,20,18,18,17,14,13,12,12,21,21,21,21,21,21,21,21,21,21,20,20,20,21,21,21,21,21,21,21
Axis ELSS Tax Saver Fund-Reg(G),Equity : Tax Saving (ELSS),8408,17.43,21.96,-11.97,24.54,20.52,14.83,2.67,37.44,-0.69,6.7,33,50,54,48,13,2,2,21,31,6,-6.39,-3.37,-0.43,-0.06,-6.39,3.17,1.39,4.45,7.57,-1.08,16,14,21,42,51,6,38,21,30,57,-6.84,9.26,8.13,6.69,10.21,1.3,16.86,-6.51,-1.65,13.46,44,12,55,11,41,59,8,55,50,17,19.43,29.71,2.67,38.39,17.65,6.68,-8.9,37.92,5.23,3.06,-7.9,-5.22,-0.83,0.19,-4.98,1.74,1.61,3.92,7.48,0.73,-5.58,7.43,13.37,3.83,11.5,6.42,13.39,-3.69,2.59,12.14,59,57,54,54,54,51,44,39,35,28,60,59,59,59,59,59,59,59,59,59,54,54,57,58,59,59,59,59,59,59
SBI Arbitrage Opportunities Fund-Reg(G),Hybrid : Arbitrage,2709,7.54,7.43,4.61,3.96,3.51,6.04,6.23,5.32,6.35,7.33,9,1,2,1,18,11,4,13,12,12,0.44,0.66,0.61,0.51,0.64,0.44,0.6,0.58,0.63,0.58,18,7,10,9,7,24,5,14,14,9,1.77,1.63,1.91,2.02,1.61,1.91,1.98,1.72,1.53,0.92,7,16,8,13,5,9,1,3,2,4,7.37,6.94,3.96,3.44,3.95,5.89,5.62,5.55,6.57,7.61,0.44,0.63,0.59,0.5,0.6,0.49,0.56,0.57,0.62,0.57,1.71,1.62,1.85,1.98,1.57,1.86,1.73,1.6,1.32,0.81,26,24,24,24,22,19,16,16,14,14,30,30,29,27,27,26,26,26,26,26,24,24,24,24,24,25,26,26,26,27
Axis Bluechip Fund-Reg(G),Equity : Large Cap,8250,13.73,17.45,-5.66,20.64,19.72,18.57,6.54,38.03,-3.62,-1.24,22,35,34,28,4,1,1,4,27,20,-5.39,-2.31,-0.78,1.1,-7.57,2.59,2.2,2.77,6.79,-0.65,2,15,4,4,36,8,9,34,17,34,-7.28,7.76,6.71,6.67,10.23,1.68,10.4,-5.08,0.97,10.78,16,20,36,12,25,35,31,31,34,8,15.63,24.08,2.41,25.87,14.65,10.95,-2.17,31.3,4.13,1.2,-7.06,-3.09,-1.54,0.21,-6.13,1.96,1.32,4.37,6.61,0.4,-7.37,7.8,9.98,5.75,11.23,4.22,11.7,-4.18,4.22,9.98,36,36,34,33,31,30,30,28,28,28,38,38,38,38,38,38,37,37,37,37,34,35,36,36,36,36,36,37,37,38
Nippon India Growth Fund(G),Equity : Mid Cap,2573,26.9,48.61,5.81,46.46,22.05,6.78,-10.9,44.22,3.51,6.35,20,1,5,11,14,5,8,8,11,17,-9.22,-7.66,0.64,0.54,-5.14,3.29,0.67,5.47,8.6,2.33,13,17,19,17,10,5,22,9,18,17,-4.01,9.67,18.74,1.53,16.1,12.28,18.32,-3.66,1.16,15.54,14,6,14,28,1,7,4,14,11,11,28.88,36.87,2.52,44.05,24.02,3.22,-11.45,42.34,4.33,8.82,-9.83,-7.84,1,0.65,-5.6,2.22,1.05,4.61,8.74,2.53,-4.02,8.06,18.54,4.75,11.82,10.1,15.84,-4.03,0.51,15.09,30,30,25,24,23,22,21,20,20,20,30,30,30,30,30,30,30,30,30,30,25,27,30,30,30,30,30,30,30,30
ICICI Pru Corp Bond Fund(G),Debt : Corporate Bond,7925,8.03,7.6,4.47,4.12,10.45,9.89,6.42,6.26,9.83,8.8,10,1,1,2,10,7,7,7,7,3,0.5,0.59,0.54,0.6,0.64,0.69,0.65,0.87,0.54,0.8,2,17,5,2,2,21,19,15,7,17,1.79,2.22,1.77,2.02,1.62,1.92,2.12,1.73,1.48,2.17,1,21,4,14,8,1,5,2,17,1,8,6.73,3.1,3.56,10.54,8.94,6.11,5.55,10.48,7.71,0.37,0.61,0.51,0.54,0.48,0.92,0.71,0.88,0.53,0.85,1.54,2.54,1.64,2.06,1.58,1.44,2.01,1.54,1.59,1.36,21,20,20,18,18,17,14,13,12,12,21,21,21,21,21,21,21,21,21,21,20,20,20,21,21,21,21,21,21,21
SBI Small Cap Fund-Reg(G),Equity : Small Cap,7885,24.14,25.3,8.14,47.56,33.62,6.1,-19.62,78.66,1.29,20.56,17,23,3,21,6,3,9,1,11,1,-10.08,-8.05,-0.67,-0.79,-4.35,2.53,-0.09,5.25,7.72,1.09,5,6,20,23,26,11,24,9,23,11,-5.74,7.82,17.64,3.83,6.34,9.26,13.14,-4.68,0.2,17.76,25,18,16,5,24,16,23,19,15,2,26.85,41.08,1.3,62.64,30.35,-0.96,-16.72,49.29,6.2,10.26,-11.73,-9.25,-0,0.39,-3.22,2.09,1.84,4.71,9.01,0.57,-2.96,8.87,18.45,1.38,11.85,11.12,17.15,-3.19,0.84,14.98,27,24,23,22,19,17,14,13,13,13,30,29,29,28,28,28,28,28,27,27,23,23,24,24,24,24,27,27,28,28
Tata Money Market Fund-Reg(G),Debt : Money Market,3267,7.71,7.37,4.79,3.93,6.39,8.09,-0.11,6.66,7.57,8.34,7,3,5,1,3,4,13,7,11,7,0.54,0.61,0.59,0.56,0.61,0.64,0.55,0.66,0.59,0.62,11,1,9,5,11,8,9,12,2,3,1.77,1.87,1.81,2.05,1.75,1.73,1.89,1.81,1.64,1.27,9,11,2,4,1,3,5,5,4,4,7.43,7.05,4.47,3.48,5.76,7.85,6.86,6.6,7.81,8.31,0.54,0.57,0.59,0.54,0.6,0.63,0.54,0.65,0.54,0.59,1.73,1.84,1.72,1.93,1.66,1.65,1.83,1.73,1.56,1.19,22,21,19,17,16,14,13,13,13,13,22,22,22,22,22,22,22,22,22,22,19,21,21,21,21,22,22,22,22,22
HDFC Small Cap Fund-Reg(G),Equity : Small Cap,4455,20.41,44.84,4.59,64.88,20.17,-9.49,-8.08,60.75,5.43,6.42,23,9,7,9,15,15,2,4,9,11,-10.52,-8.61,-0.57,0.16,-1.53,-0.06,1.87,5.18,7.63,-2.27,7,11,18,15,3,27,15,10,24,27,-1.93,7.08,12.63,1.82,10.12,11.92,17.73,-0.17,4.87,17.58,9,23,27,11,19,12,9,3,2,3,26.85,41.08,1.3,62.64,30.35,-0.96,-16.72,49.29,6.2,10.26,-11.73,-9.25,-0,0.39,-3.22,2.09,1.84,4.71,9.01,0.57,-2.96,8.87,18.45,1.38,11.85,11.12,17.15,-3.19,0.84,14.98,27,24,23,22,19,17,14,13,13,13,30,29,29,28,28,28,28,28,27,27,23,23,24,24,24,24,27,27,28,28
Kotak Money Market Fund(G),Debt : Money Market,1999,7.71,7.31,4.85,3.68,5.67,8.02,7.69,6.7,7.68,8.45,6,7,3,8,11,7,4,4,7,2,0.56,0.59,0.59,0.56,0.61,0.66,0.55,0.69,0.55,0.61,3,6,8,8,8,6,10,7,10,7,1.78,1.91,1.78,2.04,1.72,1.71,1.89,1.8,1.61,1.26,7,7,7,5,5,7,8,7,10,8,7.43,7.05,4.47,3.48,5.76,7.85,6.86,6.6,7.81,8.31,0.54,0.57,0.59,0.54,0.6,0.63,0.54,0.65,0.54,0.59,1.73,1.84,1.72,1.93,1.66,1.65,1.83,1.73,1.56,1.19,22,21,19,17,16,14,13,13,13,13,22,22,22,22,22,22,22,22,22,22,19,21,21,21,21,22,22,22,22,22
UTI Nifty Midcap 150 ETF,Equity : ETFs,48183,24.23,-,-,-,-,-,-,-,-,-,32,-,-,-,-,-,-,-,-,-,-10.49,-6.08,1.11,0.19,-6.44,1.75,0.36,5.03,7.96,2.23,129,138,19,84,95,108,115,59,26,31,-5.21,7.25,17.38,4.1,12.81,-,-,-,-,-,53,102,20,75,51,-,-,-,-,-,17.22,28.47,3.94,27.55,13.11,8.95,0.95,32.5,5.06,-4.48,-7.57,-2.9,-1.45,0.61,-6.07,2.1,1.16,4.77,6.69,0.76,-6.75,8.24,10.43,5.13,12.17,5.33,12.52,-3.29,4.87,9.9,141,-,-,-,-,-,-,-,-,-,172,171,169,169,164,161,157,154,151,149,-,-,-,-,-,138,141,149,154,164
Bandhan Nifty 200 Quality 30 Index Fund-Reg(G),Equity : Index Funds,49390,-,-,-,-,-,-,-,-,-,-,-,-,-,-,-,-,-,-,-,-,-11.22,-1.36,-,-,-,-,-,-,-,-,147,53,-,-,-,-,-,-,-,-,-,-,-,-,-,-,-,-,-,-,-,-,-,-,-,-,-,-,-,-,17.62,29.98,2.66,27.92,15.29,10.42,2.32,30.41,3.53,-2.91,-8.65,-4.73,-1.33,0.22,-6.43,1.79,0.97,4.58,7.01,1.09,-7.52,7.71,12.71,5.3,13.6,6.58,13.85,-5.4,3.7,11.74,-,-,-,-,-,-,-,-,-,-,178,175,-,-,-,-,-,-,-,-,-,-,-,-,-,-,-,-,-,-
Kotak Nifty 50 Equal Weight Index Fund-Reg(G),Equity : Index Funds,49426,-,-,-,-,-,-,-,-,-,-,-,-,-,-,-,-,-,-,-,-,-6.46,0.18,-,-,-,-,-,-,-,-,51,11,-,-,-,-,-,-,-,-,-,-,-,-,-,-,-,-,-,-,-,-,-,-,-,-,-,-,-,-,17.62,29.98,2.66,27.92,15.29,10.42,2.32,30.41,3.53,-2.91,-8.65,-4.73,-1.33,0.22,-6.43,1.79,0.97,4.58,7.01,1.09,-7.52,7.71,12.71,5.3,13.6,6.58,13.85,-5.4,3.7,11.74,-,-,-,-,-,-,-,-,-,-,178,175,-,-,-,-,-,-,-,-,-,-,-,-,-,-,-,-,-,-
UTI Quarterly Interval Fund-III-(G),Debt : FTP/FMP,6763,6.88,6.72,4.51,2.99,2.97,6.31,7.45,6.5,7.47,8.16,85,61,10,13,13,7,7,6,7,6,0.46,0.53,0.56,0.49,0.52,0.54,0.52,0.6,0.48,0.53,85,85,14,34,55,86,86,83,87,87,1.58,1.67,1.67,1.8,1.74,1.62,1.63,1.57,1.48,1.22,21,85,84,80,74,8,85,55,53,44,7.76,7.03,3.18,3.63,5.76,5.69,7.5,6.56,7.47,8.13,0.58,0.64,0.52,0.5,0.53,0.71,0.66,0.84,0.65,0.74,1.55,2.22,1.84,1.93,1.85,1.35,1.98,1.7,1.93,1.63,91,69,40,18,17,12,12,12,12,12,92,92,91,91,91,91,91,91,91,91,49,56,69,90,90,91,91,91,91,91
SBI BSE 100 ETF,Equity : ETFs,30042,13.11,23.07,5.85,26.33,16.34,10.73,2.5,32.98,4.82,-,80,76,24,30,23,31,29,11,11,-,-6.58,-1.69,-1.91,0.16,-6.56,2.3,1.29,4.19,7.02,0.32,69,82,64,86,99,78,68,85,53,61,-8.19,7.97,9.5,4.2,11.48,3.19,11.78,-4.29,5.03,10.1,91,53,73,70,75,64,64,65,60,44,17.22,28.47,3.94,27.55,13.11,8.95,0.95,32.5,5.06,-4.48,-7.57,-2.9,-1.45,0.61,-6.07,2.1,1.16,4.77,6.69,0.76,-6.75,8.24,10.43,5.13,12.17,5.33,12.52,-3.29,4.87,9.9,141,122,93,72,61,53,47,43,37,-,172,171,169,169,164,161,157,154,151,149,103,117,122,129,129,138,141,149,154,164
HSBC Asia Pacific (Ex Japan) DYF-Reg(G),FoFs : Overseas,17816,13.28,9.45,-8.58,4.85,14.47,22.22,-3.82,24.03,11.58,-6.62,34,42,14,19,16,14,10,5,9,14,-0.16,1.45,-0.1,-3.03,-3.93,7.1,2.8,-0.31,3.72,3.47,23,48,25,49,40,7,19,31,23,20,-6.92,9.75,8.28,2.42,6.85,-0.97,-1.18,4.67,10.67,-8.71,44,13,7,40,44,14,46,37,22,42,17.03,24.13,-14.55,10.04,19.44,24.5,-6.39,14.96,12.41,-7.8,-0.43,4.23,-0.06,2.27,-1.74,3.68,2.36,0.45,2.15,2.7,0.69,6.57,3.06,5.59,10.4,-2.64,5.34,8.7,8.66,-4.27,56,54,46,30,26,25,24,24,24,24,57,57,57,57,57,57,57,57,57,57,51,53,54,55,55,56,56,57,57,57
Taurus Infrastructure Fund-Reg(G),Equity : Sectoral - Infrastructure,3308,17.97,41.3,5.12,38.15,13.38,0.41,-8.56,44.99,8.13,-5.35,18,14,14,18,4,15,1,10,6,16,-11.51,-5.55,-3.16,-0.13,-7.31,3.82,-1.56,3.99,7.05,1.5,10,8,19,10,19,1,13,7,7,18,-10.36,6.28,16.13,6.63,13.99,14.3,15.42,-6.04,1.33,13.88,18,2,16,17,15,4,4,17,17,13,27.28,44.84,9.7,50.88,8.55,2.89,-17.49,47.6,3.61,-0.36,-12.02,-6.48,-1.57,-0.4,-5.71,1.49,-1.34,3.51,6.65,4.83,-7.56,3.65,20.33,10.37,15.09,11.85,14.14,-1.38,4.28,14.88,19,19,19,19,19,19,19,18,18,18,20,20,19,19,19,19,19,19,19,19,19,19,19,19,19,19,19,19,19,19
DSP BSE Sensex ETF,Equity : ETFs,48088,9.2,-,-,-,-,-,-,-,-,-,123,-,-,-,-,-,-,-,-,-,-5.46,-0.8,-2.11,0.55,-5.72,2.33,0.94,3.5,7.05,-0.34,40,50,102,67,69,70,89,120,52,110,-7.21,6.9,7.87,2.05,9.88,-,-,-,-,-,83,112,109,104,108,-,-,-,-,-,17.22,28.47,3.94,27.55,13.11,8.95,0.95,32.5,5.06,-4.48,-7.57,-2.9,-1.45,0.61,-6.07,2.1,1.16,4.77,6.69,0.76,-6.75,8.24,10.43,5.13,12.17,5.33,12.52,-3.29,4.87,9.9,141,-,-,-,-,-,-,-,-,-,172,171,169,169,164,161,157,154,151,149,-,-,-,-,-,138,141,149,154,164
Baroda BNP Paribas NIFTY Midcap 150 Index Fund-Reg(G),Equity : Index Funds,49282,-,-,-,-,-,-,-,-,-,-,-,-,-,-,-,-,-,-,-,-,-10.44,-6.16,0.94,-,-,-,-,-,-,-,132,111,26,-,-,-,-,-,-,-,-,-,-,-,-,-,-,-,-,-,-,-,-,-,-,-,-,-,-,-,17.62,29.98,2.66,27.92,15.29,10.42,2.32,30.41,3.53,-2.91,-8.65,-4.73,-1.33,0.22,-6.43,1.79,0.97,4.58,7.01,1.09,-7.52,7.71,12.71,5.3,13.6,6.58,13.85,-5.4,3.7,11.74,-,-,-,-,-,-,-,-,-,-,178,175,167,-,-,-,-,-,-,-,-,-,-,-,-,-,-,-,-,-
Kotak Nifty 100 Equal Weight Index Fund-Reg(G),Equity : Index Funds,49213,-,-,-,-,-,-,-,-,-,-,-,-,-,-,-,-,-,-,-,-,-8.22,-2.83,-,-,-,-,-,-,-,-,76,79,-,-,-,-,-,-,-,-,-,-,-,-,-,-,-,-,-,-,-,-,-,-,-,-,-,-,-,-,17.62,29.98,2.66,27.92,15.29,10.42,2.32,30.41,3.53,-2.91,-8.65,-4.73,-1.33,0.22,-6.43,1.79,0.97,4.58,7.01,1.09,-7.52,7.71,12.71,5.3,13.6,6.58,13.85,-5.4,3.7,11.74,-,-,-,-,-,-,-,-,-,-,178,175,-,-,-,-,-,-,-,-,-,-,-,-,-,-,-,-,-,-
Navi Nifty 50 ETF,Equity : ETFs,47761,12.22,-,-,-,-,-,-,-,-,-,85,-,-,-,-,-,-,-,-,-,0,0,0,-0.26,-6.03,2.28,1.32,3.91,6.67,0.02,3,19,37,111,72,83,67,110,91,70,-6.27,7.68,8.01,2.95,10.78,-,-,-,-,-,60,87,98,78,92,-,-,-,-,-,17.22,28.47,3.94,27.55,13.11,8.95,0.95,32.5,5.06,-4.48,-7.57,-2.9,-1.45,0.61,-6.07,2.1,1.16,4.77,6.69,0.76,-6.75,8.24,10.43,5.13,12.17,5.33,12.52,-3.29,4.87,9.9,141,-,-,-,-,-,-,-,-,-,172,171,169,169,164,161,157,154,151,149,-,-,-,-,-,138,141,149,154,164
Bandhan Nifty Alpha Low Volatility 30 Index Fund-Reg(G),Equity : Index Funds,49119,-,-,-,-,-,-,-,-,-,-,-,-,-,-,-,-,-,-,-,-,-9.38,-,-,-,-,-,-,-,-,-,96,-,-,-,-,-,-,-,-,-,-,-,-,-,-,-,-,-,-,-,-,-,-,-,-,-,-,-,-,-,17.62,29.98,2.66,27.92,15.29,10.42,2.32,30.41,3.53,-2.91,-8.65,-4.73,-1.33,0.22,-6.43,1.79,0.97,4.58,7.01,1.09,-7.52,7.71,12.71,5.3,13.6,6.58,13.85,-5.4,3.7,11.74,-,-,-,-,-,-,-,-,-,-,178,-,-,-,-,-,-,-,-,-,-,-,-,-,-,-,-,-,-,-
DSP BSE Sensex Next 30 Index Fund-Reg(G),Equity : Index Funds,49537,-,-,-,-,-,-,-,-,-,-,-,-,-,-,-,-,-,-,-,-,-8.4,-,-,-,-,-,-,-,-,-,78,-,-,-,-,-,-,-,-,-,-,-,-,-,-,-,-,-,-,-,-,-,-,-,-,-,-,-,-,-,17.62,29.98,2.66,27.92,15.29,10.42,2.32,30.41,3.53,-2.91,-8.65,-4.73,-1.33,0.22,-6.43,1.79,0.97,4.58,7.01,1.09,-7.52,7.71,12.71,5.3,13.6,6.58,13.85,-5.4,3.7,11.74,-,-,-,-,-,-,-,-,-,-,178,-,-,-,-,-,-,-,-,-,-,-,-,-,-,-,-,-,-,-
Bandhan Asset Alloc FoF-Cons-Reg(G),FoFs : Domestic,8459,9.4,11.05,1.54,8.33,7.93,8.11,3.02,10.69,8.51,6.75,42,36,31,23,23,9,12,18,14,3,-1.19,-0.69,0.15,0.52,-1.28,1.08,1.12,1.33,2.2,0.5,25,31,16,16,22,51,33,37,36,42,-0.61,3.57,3.6,2.59,4.03,1.69,4.73,0.23,1.35,3.48,16,40,44,40,36,41,34,26,43,30,14.49,18.68,3.98,19,11.35,6.8,1.84,15.91,9.43,4.31,-3.85,-0.68,-0.87,-0.63,-1.92,2.08,1.28,2.03,3.01,2.24,-3.51,5.41,8.25,3.92,7.22,4.04,6.72,-0.47,4.53,5.56,53,52,41,32,26,24,23,23,23,23,62,61,61,61,60,60,59,57,57,56,47,49,52,52,53,53,53,56,57,60
Kotak NIFTY India Consumption ETF,Equity : ETFs,45731,19.55,27.67,-,-,-,-,-,-,-,-,53,53,-,-,-,-,-,-,-,-,-8.43,-2.17,-0.75,-0.2,-10.48,6.18,2.5,6.15,6.64,0.67,88,90,43,105,155,4,24,38,92,49,-11.33,15.53,10.29,5.81,13.37,1.94,16.37,-5.06,-3.99,-,129,20,64,47,39,103,27,82,115,-,17.22,28.47,3.94,27.55,13.11,8.95,0.95,32.5,5.06,-4.48,-7.57,-2.9,-1.45,0.61,-6.07,2.1,1.16,4.77,6.69,0.76,-6.75,8.24,10.43,5.13,12.17,5.33,12.52,-3.29,4.87,9.9,141,122,-,-,-,-,-,-,-,-,172,171,169,169,164,161,157,154,151,149,-,117,122,129,129,138,141,149,154,164
UTI Nifty IT ETF,Equity : ETFs,48249,-,-,-,-,-,-,-,-,-,-,-,-,-,-,-,-,-,-,-,-,-12.53,-1.02,0.42,6.74,-3.12,-1.99,4.75,13.09,11.63,-1.62,156,55,25,8,31,151,10,6,6,136,3.85,16.11,4.47,-,-,-,-,-,-,-,7,15,136,-,-,-,-,-,-,-,17.22,28.47,3.94,27.55,13.11,8.95,0.95,32.5,5.06,-4.48,-7.57,-2.9,-1.45,0.61,-6.07,2.1,1.16,4.77,6.69,0.76,-6.75,8.24,10.43,5.13,12.17,5.33,12.52,-3.29,4.87,9.9,-,-,-,-,-,-,-,-,-,-,172,171,169,169,164,161,157,154,151,149,-,-,-,-,-,-,-,149,154,164
Taurus Nifty 50 Index Fund-Reg(G),Equity : Index Funds,8151,8.65,19.4,5.14,24.84,17.1,10.61,5.14,27.17,2.83,-4.22,100,82,16,17,4,16,6,18,13,15,-5.82,-0.56,-2.09,-0.33,-6.16,2.21,1.21,3.81,6.49,-0.08,36,30,106,117,64,73,54,104,81,81,-8.43,7.39,7.6,2.68,10.45,2.19,10.5,-4.26,5.69,8.7,91,74,98,73,85,85,76,37,31,41,17.62,29.98,2.66,27.92,15.29,10.42,2.32,30.41,3.53,-2.91,-8.65,-4.73,-1.33,0.22,-6.43,1.79,0.97,4.58,7.01,1.09,-7.52,7.71,12.71,5.3,13.6,6.58,13.85,-5.4,3.7,11.74,105,86,52,34,30,21,20,18,18,18,178,175,167,160,146,136,131,125,124,120,68,78,86,86,95,101,105,115,125,146
Baroda BNP Paribas NIFTY Bank ETF,Equity : ETFs,48464,-,-,-,-,-,-,-,-,-,-,-,-,-,-,-,-,-,-,-,-,-2.52,-2.48,-2.32,1.14,-2.85,3.13,-0.18,-1.53,-,-,22,97,124,38,26,35,141,154,-,-,-4.02,1.36,-,-,-,-,-,-,-,-,34,147,-,-,-,-,-,-,-,-,17.22,28.47,3.94,27.55,13.11,8.95,0.95,32.5,5.06,-4.48,-7.57,-2.9,-1.45,0.61,-6.07,2.1,1.16,4.77,6.69,0.76,-6.75,8.24,10.43,5.13,12.17,5.33,12.52,-3.29,4.87,9.9,-,-,-,-,-,-,-,-,-,-,172,171,169,169,164,161,157,154,-,-,-,-,-,-,-,-,-,-,154,164
Nippon India Inv-Mthly-II(G),Debt : FTP/FMP,2607,5.75,6.19,4.52,3.2,3.3,6.43,7.44,6.04,7.01,7.89,90,68,9,10,10,5,8,12,11,11,0.41,0.47,0.5,0.44,0.46,0.47,0.44,0.5,0.43,0.48,89,90,62,86,77,89,88,88,89,90,1.4,1.41,1.37,1.45,1.61,1.61,1.49,1.34,1.39,1.26,87,89,90,90,84,9,89,64,56,41,7.76,7.03,3.18,3.63,5.76,5.69,7.5,6.56,7.47,8.13,0.58,0.64,0.52,0.5,0.53,0.71,0.66,0.84,0.65,0.74,1.55,2.22,1.84,1.93,1.85,1.35,1.98,1.7,1.93,1.63,91,69,40,18,17,12,12,12,12,12,92,92,91,91,91,91,91,91,91,91,49,56,69,90,90,91,91,91,91,91
Nippon India Inv-Mthly-I(G),Debt : FTP/FMP,2605,5.74,6.51,4.83,3.18,3.24,6.45,7.21,6.45,7.26,7.9,91,65,5,11,11,4,11,9,9,10,0.41,0.47,0.49,0.43,0.46,0.47,0.44,0.5,0.43,0.47,91,91,65,88,78,90,89,89,90,91,1.39,1.41,1.37,1.45,1.56,1.6,1.62,1.57,1.5,1.3,88,90,91,91,88,11,87,54,52,39,7.76,7.03,3.18,3.63,5.76,5.69,7.5,6.56,7.47,8.13,0.58,0.64,0.52,0.5,0.53,0.71,0.66,0.84,0.65,0.74,1.55,2.22,1.84,1.93,1.85,1.35,1.98,1.7,1.93,1.63,91,69,40,18,17,12,12,12,12,12,92,92,91,91,91,91,91,91,91,91,49,56,69,90,90,91,91,91,91,91
Nippon India Inv-Annual-I(G),Debt : FTP/FMP,2599,7.29,6.99,4.75,3.58,4.87,7.5,7.72,6.5,8.03,8.53,80,44,6,9,6,1,2,5,2,1,0.54,0.6,0.58,0.54,0.56,0.73,0.58,0.59,0.53,0.59,71,71,11,13,34,24,71,84,83,81,1.69,1.92,1.7,1.79,1.72,1.62,1.77,1.7,1.64,1.03,6,79,83,82,76,7,81,45,48,48,7.76,7.03,3.18,3.63,5.76,5.69,7.5,6.56,7.47,8.13,0.58,0.64,0.52,0.5,0.53,0.71,0.66,0.84,0.65,0.74,1.55,2.22,1.84,1.93,1.85,1.35,1.98,1.7,1.93,1.63,91,69,40,18,17,12,12,12,12,12,92,92,91,91,91,91,91,91,91,91,49,56,69,90,90,91,91,91,91,91
Nippon India Inv-Qrtly-III(G),Debt : FTP/FMP,2613,6.26,7.21,5.18,2.84,2.95,6.42,7.48,6.34,7.7,8.19,89,14,4,17,14,6,5,11,5,5,0.41,0.47,0.49,0.43,0.46,0.48,0.44,0.49,0.44,0.54,92,92,67,89,79,88,90,91,88,86,1.39,1.42,1.57,1.73,1.71,1.69,1.76,1.87,1.69,1.29,89,88,87,86,78,5,83,9,45,40,7.76,7.03,3.18,3.63,5.76,5.69,7.5,6.56,7.47,8.13,0.58,0.64,0.52,0.5,0.53,0.71,0.66,0.84,0.65,0.74,1.55,2.22,1.84,1.93,1.85,1.35,1.98,1.7,1.93,1.63,91,69,40,18,17,12,12,12,12,12,92,92,91,91,91,91,91,91,91,91,49,56,69,90,90,91,91,91,91,91
Nippon India Inv-Qrtly-I(G),Debt : FTP/FMP,2609,6.45,6.19,5.28,2.51,2.45,6.56,7.46,6.47,7.23,7.99,88,69,2,18,17,3,6,8,10,9,0.41,0.48,0.49,0.43,0.46,0.46,0.44,0.49,0.43,0.51,90,89,68,90,80,91,91,90,91,89,1.39,1.41,1.48,2.02,1.59,1.6,1.49,1.37,1.52,1.49,90,91,89,13,86,12,90,60,49,31,7.76,7.03,3.18,3.63,5.76,5.69,7.5,6.56,7.47,8.13,0.58,0.64,0.52,0.5,0.53,0.71,0.66,0.84,0.65,0.74,1.55,2.22,1.84,1.93,1.85,1.35,1.98,1.7,1.93,1.63,91,69,40,18,17,12,12,12,12,12,92,92,91,91,91,91,91,91,91,91,49,56,69,90,90,91,91,91,91,91
UTI Quarterly Interval Fund-II-(G),Debt : FTP/FMP,6406,6.51,6.47,4.52,2.94,2.92,5.48,7.33,6.76,7.7,8.32,87,67,8,15,16,9,10,3,4,4,0.43,0.5,0.52,0.46,0.51,0.52,0.5,0.56,0.48,0.53,88,88,40,70,59,87,87,87,86,88,1.51,1.58,1.56,1.71,1.63,1.56,1.62,1.5,1.51,1.22,70,87,88,88,82,14,86,57,51,42,7.76,7.03,3.18,3.63,5.76,5.69,7.5,6.56,7.47,8.13,0.58,0.64,0.52,0.5,0.53,0.71,0.66,0.84,0.65,0.74,1.55,2.22,1.84,1.93,1.85,1.35,1.98,1.7,1.93,1.63,91,69,40,18,17,12,12,12,12,12,92,92,91,91,91,91,91,91,91,91,49,56,69,90,90,91,91,91,91,91
Bandhan BSE Sensex ETF,Equity : ETFs,34197,9.01,19.85,5.36,22.49,16.8,15.37,7.14,29.33,-,-,125,104,48,59,20,12,8,35,-,-,-5.47,-0.82,-2.1,0.53,-5.71,2.3,0.93,3.47,7.02,-0.36,42,51,100,73,66,76,93,123,54,113,-7.2,6.83,7.8,2.01,9.83,1.98,10.24,-2.93,6.08,8.55,82,115,111,106,109,101,113,43,41,76,17.22,28.47,3.94,27.55,13.11,8.95,0.95,32.5,5.06,-4.48,-7.57,-2.9,-1.45,0.61,-6.07,2.1,1.16,4.77,6.69,0.76,-6.75,8.24,10.43,5.13,12.17,5.33,12.52,-3.29,4.87,9.9,141,122,93,72,61,53,47,43,-,-,172,171,169,169,164,161,157,154,151,149,103,117,122,129,129,138,141,149,154,164
